timestamp,project_name,run_id,duration,emissions,emissions_rate,cpu_power,gpu_power,ram_power,cpu_energy,gpu_energy,ram_energy,energy_consumed,os,python_version,cpu_count,cpu_model,gpu_count,gpu_model,ram_total_size,tracking_mode,on_cloud
2022-12-24T03:47:42,"module:Linear,rep_no:1,macs:18800910336,batch_size:498,input_size:9216,output_size:4096,freeText:architecture=alexnet;layer_idx=15,forward_passes:67",a1bb3a39-0d9a-44b2-8c67-296a211c097f,30.12448072433472,0.0009692155631865,0.0321736853177903,76.95637917381424,30.691,288.75,0.0006441610742173,0.0002516361455902,0.0023241880399485,0.0032199852597561,Linux-5.4.0-94-generic-x86_64-with-glibc2.31,3.10.8,2,Intel(R) Xeon(R) Gold 5120 CPU @ 2.20GHz,1,1 x NVIDIA GeForce RTX 2080 Ti,770.0,machine,N
2022-12-24T03:48:17,"module:Linear,rep_no:2,macs:18800910336,batch_size:498,input_size:9216,output_size:4096,freeText:architecture=alexnet;layer_idx=15,forward_passes:67",7349b384-15ec-4623-9ffa-249baea4fd4b,30.10446524620056,0.0009694695907471,0.0322035147549919,77.036611952242,30.651,288.75,0.0006436095546094,0.0002524792190728,0.0023247404314577,0.00322082920514,Linux-5.4.0-94-generic-x86_64-with-glibc2.31,3.10.8,2,Intel(R) Xeon(R) Gold 5120 CPU @ 2.20GHz,1,1 x NVIDIA GeForce RTX 2080 Ti,770.0,machine,N
2022-12-24T03:48:52,"module:Linear,rep_no:3,macs:18800910336,batch_size:498,input_size:9216,output_size:4096,freeText:architecture=alexnet;layer_idx=15,forward_passes:67",a3a7d1ff-37ba-4ca7-902d-bf3aacb2ea74,30.236799716949463,0.0010434249519446,0.0345084453947592,75.20453506715984,29.981,288.75,0.0006453545973943,0.0002530891393781,0.0025680843427777,0.0034665280795502,Linux-5.4.0-94-generic-x86_64-with-glibc2.31,3.10.8,2,Intel(R) Xeon(R) Gold 5120 CPU @ 2.20GHz,1,1 x NVIDIA GeForce RTX 2080 Ti,770.0,machine,N
2022-12-24T03:49:26,"module:Linear,rep_no:1,macs:6913900544,batch_size:412,input_size:4096,output_size:4096,freeText:architecture=alexnet;layer_idx=18,forward_passes:179",ff560a10-7dab-42f1-aef3-d5599fed47a9,30.118520736694336,0.0009691950222687,0.0321793699877134,77.09325017075685,30.114,288.75,0.0006444584841774,0.0002504420590994,0.0023250164742271,0.003219917017504,Linux-5.4.0-94-generic-x86_64-with-glibc2.31,3.10.8,2,Intel(R) Xeon(R) Gold 5120 CPU @ 2.20GHz,1,1 x NVIDIA GeForce RTX 2080 Ti,770.0,machine,N
2022-12-24T03:50:01,"module:Linear,rep_no:2,macs:6913900544,batch_size:412,input_size:4096,output_size:4096,freeText:architecture=alexnet;layer_idx=18,forward_passes:178",e968fbeb-d966-44fb-aea8-073983817844,30.108185529708862,0.0009693549047891,0.0321957264356775,76.90273382578313,30.427,288.75,0.0006423665419483,0.0002527932029557,0.002325288443764,0.0032204481886682,Linux-5.4.0-94-generic-x86_64-with-glibc2.31,3.10.8,2,Intel(R) Xeon(R) Gold 5120 CPU @ 2.20GHz,1,1 x NVIDIA GeForce RTX 2080 Ti,770.0,machine,N
2022-12-24T03:50:35,"module:Linear,rep_no:3,macs:6913900544,batch_size:412,input_size:4096,output_size:4096,freeText:architecture=alexnet;layer_idx=18,forward_passes:179",b14e7b38-b27d-473a-afb4-62d0789a2cd3,30.106282949447632,0.0009692990202863,0.0321959048187352,76.99865446418156,30.073000000000004,288.75,0.0006449141787087,0.0002532167732539,0.0023221315739055,0.0032202625258681,Linux-5.4.0-94-generic-x86_64-with-glibc2.31,3.10.8,2,Intel(R) Xeon(R) Gold 5120 CPU @ 2.20GHz,1,1 x NVIDIA GeForce RTX 2080 Ti,770.0,machine,N
2022-12-24T03:51:10,"module:Linear,rep_no:1,macs:1872329000,batch_size:457,input_size:4096,output_size:1000,freeText:architecture=alexnet;layer_idx=20,forward_passes:663",154a858d-608a-4f0d-97a1-287046da3a31,30.0346040725708,0.0009670181367862,0.0321967998795551,76.79618398061105,30.438,288.75,0.0006390640879175,0.0002509784558478,0.0023226422960559,0.0032126848398213,Linux-5.4.0-94-generic-x86_64-with-glibc2.31,3.10.8,2,Intel(R) Xeon(R) Gold 5120 CPU @ 2.20GHz,1,1 x NVIDIA GeForce RTX 2080 Ti,770.0,machine,N
2022-12-24T03:51:45,"module:Linear,rep_no:2,macs:1872329000,batch_size:457,input_size:4096,output_size:1000,freeText:architecture=alexnet;layer_idx=20,forward_passes:663",61b4c006-bcbb-49fe-8283-d4f62ac60489,30.05270886421204,0.0009688437157984,0.0322381493187867,76.86668496482201,30.113,288.75,0.000639762193476,0.0002512694799455,0.0023277182129522,0.0032187498863737,Linux-5.4.0-94-generic-x86_64-with-glibc2.31,3.10.8,2,Intel(R) Xeon(R) Gold 5120 CPU @ 2.20GHz,1,1 x NVIDIA GeForce RTX 2080 Ti,770.0,machine,N
2022-12-24T03:52:19,"module:Linear,rep_no:3,macs:1872329000,batch_size:457,input_size:4096,output_size:1000,freeText:architecture=alexnet;layer_idx=20,forward_passes:662",7d28c7e2-c796-462a-8fa4-67c74d2dc115,30.03970217704773,0.0009658186235188,0.0321514047584919,76.47722137615953,30.122,288.75,0.0006384054857239,0.0002521301102655,0.0023181641499201,0.0032086997459096,Linux-5.4.0-94-generic-x86_64-with-glibc2.31,3.10.8,2,Intel(R) Xeon(R) Gold 5120 CPU @ 2.20GHz,1,1 x NVIDIA GeForce RTX 2080 Ti,770.0,machine,N
2022-12-24T03:52:54,"module:Linear,rep_no:1,macs:13359390720,batch_size:130,input_size:25088,output_size:4096,freeText:architecture=vgg11;layer_idx=22,forward_passes:86",caac3758-b673-420b-a26c-7a7755cc1e2d,30.25166273117065,0.0010405891434233,0.0343977503871602,76.06221770198046,30.131,288.75,0.000634142425369,0.0002543551473486,0.0025686092160642,0.0034571067887819,Linux-5.4.0-94-generic-x86_64-with-glibc2.31,3.10.8,2,Intel(R) Xeon(R) Gold 5120 CPU @ 2.20GHz,1,1 x NVIDIA GeForce RTX 2080 Ti,770.0,machine,N
2022-12-24T03:53:29,"module:Linear,rep_no:2,macs:13359390720,batch_size:130,input_size:25088,output_size:4096,freeText:architecture=vgg11;layer_idx=22,forward_passes:87",1b101f2b-582a-4b9f-8255-1008630925a0,30.10545587539673,0.0009659359934458,0.0320850811043611,75.5498924609097,29.823000000000004,288.75,0.0006317152306495,0.0002509773589124,0.0023263970896601,0.0032090896792221,Linux-5.4.0-94-generic-x86_64-with-glibc2.31,3.10.8,2,Intel(R) Xeon(R) Gold 5120 CPU @ 2.20GHz,1,1 x NVIDIA GeForce RTX 2080 Ti,770.0,machine,N
2022-12-24T03:54:04,"module:Linear,rep_no:3,macs:13359390720,batch_size:130,input_size:25088,output_size:4096,freeText:architecture=vgg11;layer_idx=22,forward_passes:87",f4b27580-d02e-408d-a9f9-07e62dfac4c6,30.30388855934143,0.0009706366033816,0.032030100740402,75.37979382233907,30.318,288.75,0.0006351891589842,0.0002559945762797,0.0023335225882629,0.0032247063235269,Linux-5.4.0-94-generic-x86_64-with-glibc2.31,3.10.8,2,Intel(R) Xeon(R) Gold 5120 CPU @ 2.20GHz,1,1 x NVIDIA GeForce RTX 2080 Ti,770.0,machine,N
2022-12-24T03:54:38,"module:Linear,rep_no:1,macs:2265477120,batch_size:135,input_size:4096,output_size:4096,freeText:architecture=vgg11;layer_idx=25,forward_passes:511",bd113733-5a3c-44f4-97ec-0d5380bacd26,30.07075524330139,0.0009659881119254,0.0321238393951094,75.66460160509462,30.39700000000001,288.75,0.00063227136165,0.0002537952512494,0.0023231962174177,0.0032092628303171,Linux-5.4.0-94-generic-x86_64-with-glibc2.31,3.10.8,2,Intel(R) Xeon(R) Gold 5120 CPU @ 2.20GHz,1,1 x NVIDIA GeForce RTX 2080 Ti,770.0,machine,N
2022-12-24T03:55:13,"module:Linear,rep_no:2,macs:2265477120,batch_size:135,input_size:4096,output_size:4096,freeText:architecture=vgg11;layer_idx=25,forward_passes:510",5d83bb29-d765-4776-8c30-714f0e679ac2,30.04012632369995,0.0009654621160412,0.0321390830929883,76.24797235585058,30.336,288.75,0.000631537923841,0.000253286810694,0.0023226906011501,0.0032075153356852,Linux-5.4.0-94-generic-x86_64-with-glibc2.31,3.10.8,2,Intel(R) Xeon(R) Gold 5120 CPU @ 2.20GHz,1,1 x NVIDIA GeForce RTX 2080 Ti,770.0,machine,N
2022-12-24T03:55:48,"module:Linear,rep_no:3,macs:2265477120,batch_size:135,input_size:4096,output_size:4096,freeText:architecture=vgg11;layer_idx=25,forward_passes:511",e1b747f1-61f6-45fe-8ae7-8c2ed40922a4,30.090510368347168,0.0009666420861252,0.0321244829114652,75.7837789872606,30.093,288.75,0.0006319130691411,0.0002546120922295,0.0023249103407065,0.0032114355020771,Linux-5.4.0-94-generic-x86_64-with-glibc2.31,3.10.8,2,Intel(R) Xeon(R) Gold 5120 CPU @ 2.20GHz,1,1 x NVIDIA GeForce RTX 2080 Ti,770.0,machine,N
2022-12-24T03:56:22,"module:Linear,rep_no:1,macs:53261000,batch_size:13,input_size:4096,output_size:1000,freeText:architecture=vgg11;layer_idx=28,forward_passes:7829",abfaad51-0b16-4a79-a7f2-e342f71a31c9,30.04055333137512,0.0009716812850802,0.0323456520378192,77.19609082306627,29.991,288.75,0.0006441205197404,0.0002529268185828,0.0023311296885212,0.0032281770268445,Linux-5.4.0-94-generic-x86_64-with-glibc2.31,3.10.8,2,Intel(R) Xeon(R) Gold 5120 CPU @ 2.20GHz,1,1 x NVIDIA GeForce RTX 2080 Ti,770.0,machine,N
2022-12-24T03:56:57,"module:Linear,rep_no:2,macs:53261000,batch_size:13,input_size:4096,output_size:1000,freeText:architecture=vgg11;layer_idx=28,forward_passes:7851",6cd05245-a756-4401-8513-82b29451c744,30.036399126052856,0.0009715978848055,0.0323473489857452,77.10671219506877,30.211,288.75,0.0006445402375762,0.0002505816837935,0.0023327780281503,0.0032278999495201,Linux-5.4.0-94-generic-x86_64-with-glibc2.31,3.10.8,2,Intel(R) Xeon(R) Gold 5120 CPU @ 2.20GHz,1,1 x NVIDIA GeForce RTX 2080 Ti,770.0,machine,N
2022-12-24T03:57:31,"module:Linear,rep_no:3,macs:53261000,batch_size:13,input_size:4096,output_size:1000,freeText:architecture=vgg11;layer_idx=28,forward_passes:7831",781eabbe-7a87-4290-9c21-0d9e98f0d384,30.036134004592896,0.0009726532875551,0.0323827722770989,77.08745632325929,29.892,288.75,0.0006445369478513,0.0002512939404361,0.0023355753826598,0.0032314062709473,Linux-5.4.0-94-generic-x86_64-with-glibc2.31,3.10.8,2,Intel(R) Xeon(R) Gold 5120 CPU @ 2.20GHz,1,1 x NVIDIA GeForce RTX 2080 Ti,770.0,machine,N
2022-12-24T03:58:06,"module:Linear,rep_no:1,macs:6576930816,batch_size:64,input_size:25088,output_size:4096,freeText:architecture=vgg13;layer_idx=26,forward_passes:139",ad116154-0281-41c0-b875-e13696bde820,30.200051307678223,0.0010394298519025,0.0344181485426234,75.34583415938111,30.199000000000005,288.75,0.000632519452404,0.0002535668184105,0.0025671690511206,0.0034532553219352,Linux-5.4.0-94-generic-x86_64-with-glibc2.31,3.10.8,2,Intel(R) Xeon(R) Gold 5120 CPU @ 2.20GHz,1,1 x NVIDIA GeForce RTX 2080 Ti,770.0,machine,N
2022-12-24T03:58:41,"module:Linear,rep_no:2,macs:6576930816,batch_size:64,input_size:25088,output_size:4096,freeText:architecture=vgg13;layer_idx=26,forward_passes:138",87bc5d12-5295-4603-b31d-6989b1a4ce82,30.11225914955139,0.000965110878222,0.0320504308039096,75.31578360960378,29.968,288.75,0.0006304043676564,0.0002509631598197,0.0023249809051553,0.0032063484326315,Linux-5.4.0-94-generic-x86_64-with-glibc2.31,3.10.8,2,Intel(R) Xeon(R) Gold 5120 CPU @ 2.20GHz,1,1 x NVIDIA GeForce RTX 2080 Ti,770.0,machine,N
2022-12-24T03:59:16,"module:Linear,rep_no:3,macs:6576930816,batch_size:64,input_size:25088,output_size:4096,freeText:architecture=vgg13;layer_idx=26,forward_passes:138",a7041564-a084-4df6-a08e-123fed9755a4,30.13493061065674,0.0009673629987251,0.032101052802262,75.3015182029632,30.01,288.75,0.0006309882695124,0.0002509526482613,0.002331889642775,0.0032138305605488,Linux-5.4.0-94-generic-x86_64-with-glibc2.31,3.10.8,2,Intel(R) Xeon(R) Gold 5120 CPU @ 2.20GHz,1,1 x NVIDIA GeForce RTX 2080 Ti,770.0,machine,N
2022-12-24T03:59:50,"module:Linear,rep_no:1,macs:1694912512,batch_size:101,input_size:4096,output_size:4096,freeText:architecture=vgg13;layer_idx=29,forward_passes:653",6611fa8f-255e-47ab-bda8-3b380328de83,30.06520175933838,0.000964722584615,0.0320876803800384,75.46397524736743,30.118,288.75,0.0006300887312928,0.0002509831309872,0.0023239865583678,0.0032050584206479,Linux-5.4.0-94-generic-x86_64-with-glibc2.31,3.10.8,2,Intel(R) Xeon(R) Gold 5120 CPU @ 2.20GHz,1,1 x NVIDIA GeForce RTX 2080 Ti,770.0,machine,N
2022-12-24T04:00:25,"module:Linear,rep_no:2,macs:1694912512,batch_size:101,input_size:4096,output_size:4096,freeText:architecture=vgg13;layer_idx=29,forward_passes:651",37972a17-4eda-4b3b-90fb-962d79f230fb,30.036211729049683,0.0009631961516656,0.0320678306690069,75.50586562115372,29.936,288.75,0.0006302108352793,0.0002507370392392,0.0023190393403172,0.0031999872148358,Linux-5.4.0-94-generic-x86_64-with-glibc2.31,3.10.8,2,Intel(R) Xeon(R) Gold 5120 CPU @ 2.20GHz,1,1 x NVIDIA GeForce RTX 2080 Ti,770.0,machine,N
2022-12-24T04:00:59,"module:Linear,rep_no:3,macs:1694912512,batch_size:101,input_size:4096,output_size:4096,freeText:architecture=vgg13;layer_idx=29,forward_passes:651",d284159d-19a6-4fee-83d2-8fed4fff067f,30.05428671836853,0.0009643687552252,0.0320875608947925,75.49642000042515,30.243,288.75,0.000630240420303,0.0002525203293514,0.0023211221580704,0.0032038829077249,Linux-5.4.0-94-generic-x86_64-with-glibc2.31,3.10.8,2,Intel(R) Xeon(R) Gold 5120 CPU @ 2.20GHz,1,1 x NVIDIA GeForce RTX 2080 Ti,770.0,machine,N
2022-12-24T04:01:34,"module:Linear,rep_no:1,macs:376924000,batch_size:92,input_size:4096,output_size:1000,freeText:architecture=vgg13;layer_idx=32,forward_passes:2887",0ca708d3-1761-4362-bfbd-d72f3cfb0ab4,30.04170656204224,0.0009647767604284,0.0321145790581513,75.25476713485125,30.822,288.75,0.0006288563994736,0.0002531215169176,0.0023232604903479,0.0032052384067391,Linux-5.4.0-94-generic-x86_64-with-glibc2.31,3.10.8,2,Intel(R) Xeon(R) Gold 5120 CPU @ 2.20GHz,1,1 x NVIDIA GeForce RTX 2080 Ti,770.0,machine,N
2022-12-24T04:02:08,"module:Linear,rep_no:2,macs:376924000,batch_size:92,input_size:4096,output_size:1000,freeText:architecture=vgg13;layer_idx=32,forward_passes:2891",ceca21e5-4e71-4490-b8de-4c73df40174b,30.03984427452088,0.0009648208470922,0.032118037572871,75.27801057825678,30.066,288.75,0.0006282103778456,0.0002527181774987,0.0023244563187162,0.0032053848740606,Linux-5.4.0-94-generic-x86_64-with-glibc2.31,3.10.8,2,Intel(R) Xeon(R) Gold 5120 CPU @ 2.20GHz,1,1 x NVIDIA GeForce RTX 2080 Ti,770.0,machine,N
2022-12-24T04:02:43,"module:Linear,rep_no:3,macs:376924000,batch_size:92,input_size:4096,output_size:1000,freeText:architecture=vgg13;layer_idx=32,forward_passes:2886",0b3d3ce8-ce1b-4893-a088-74479698a302,30.03761553764344,0.0009625800919138,0.0320458223692057,75.36516530161512,30.014,288.75,0.0006286469987505,0.0002517827751733,0.0023175107307732,0.003197940504697,Linux-5.4.0-94-generic-x86_64-with-glibc2.31,3.10.8,2,Intel(R) Xeon(R) Gold 5120 CPU @ 2.20GHz,1,1 x NVIDIA GeForce RTX 2080 Ti,770.0,machine,N
2022-12-24T04:03:18,"module:Linear,rep_no:1,macs:39872643072,batch_size:388,input_size:25088,output_size:4096,freeText:architecture=vgg16;layer_idx=32,forward_passes:31",20429083-d0a4-48f7-9fc2-72ac62c57843,30.131160020828247,0.0009703066827404,0.0322027655778846,76.81390106710889,30.305000000000003,288.75,0.0006439063881802,0.0002535776433392,0.0023261262101431,0.0032236102416626,Linux-5.4.0-94-generic-x86_64-with-glibc2.31,3.10.8,2,Intel(R) Xeon(R) Gold 5120 CPU @ 2.20GHz,1,1 x NVIDIA GeForce RTX 2080 Ti,770.0,machine,N
2022-12-24T04:03:53,"module:Linear,rep_no:2,macs:39872643072,batch_size:388,input_size:25088,output_size:4096,freeText:architecture=vgg16;layer_idx=32,forward_passes:31",21a6b726-6cc6-40fa-ae15-bc79ebd21a7b,30.140049934387207,0.0009706880195218,0.03220591942067,76.9167716167897,30.231,288.75,0.0006436015012696,0.0002545818354368,0.002326693804562,0.0032248771412685,Linux-5.4.0-94-generic-x86_64-with-glibc2.31,3.10.8,2,Intel(R) Xeon(R) Gold 5120 CPU @ 2.20GHz,1,1 x NVIDIA GeForce RTX 2080 Ti,770.0,machine,N
2022-12-24T04:04:28,"module:Linear,rep_no:3,macs:39872643072,batch_size:388,input_size:25088,output_size:4096,freeText:architecture=vgg16;layer_idx=32,forward_passes:31",2d39371e-d5c7-4c1d-a18b-421a959ea2f9,30.17391324043274,0.0009717909404739,0.0322063277881952,77.00637379676164,30.242,288.75,0.0006451837669799,0.0002536140361256,0.0023297435273726,0.0032285413304782,Linux-5.4.0-94-generic-x86_64-with-glibc2.31,3.10.8,2,Intel(R) Xeon(R) Gold 5120 CPU @ 2.20GHz,1,1 x NVIDIA GeForce RTX 2080 Ti,770.0,machine,N
2022-12-24T04:05:02,"module:Linear,rep_no:1,macs:4530954240,batch_size:270,input_size:4096,output_size:4096,freeText:architecture=vgg16;layer_idx=35,forward_passes:273",11041085-33e4-4d2b-80af-78a85be12fbf,30.08293104171753,0.0009653023327626,0.0320880412691184,75.67881539671315,29.757,288.75,0.000636240301214,0.0002489625920023,0.0023217816010117,0.0032069844942281,Linux-5.4.0-94-generic-x86_64-with-glibc2.31,3.10.8,2,Intel(R) Xeon(R) Gold 5120 CPU @ 2.20GHz,1,1 x NVIDIA GeForce RTX 2080 Ti,770.0,machine,N
2022-12-24T04:05:37,"module:Linear,rep_no:2,macs:4530954240,batch_size:270,input_size:4096,output_size:4096,freeText:architecture=vgg16;layer_idx=35,forward_passes:273",d307d857-6f5f-4d1b-9325-518ee3a7ebd3,30.05232524871826,0.0009640749052171,0.0320798772553628,76.19611444846238,30.571,288.75,0.00063307834674,0.0002505190896807,0.00231930922543,0.0032029066618509,Linux-5.4.0-94-generic-x86_64-with-glibc2.31,3.10.8,2,Intel(R) Xeon(R) Gold 5120 CPU @ 2.20GHz,1,1 x NVIDIA GeForce RTX 2080 Ti,770.0,machine,N
2022-12-24T04:06:11,"module:Linear,rep_no:3,macs:4530954240,batch_size:270,input_size:4096,output_size:4096,freeText:architecture=vgg16;layer_idx=35,forward_passes:273",406c4f96-0d8e-432e-8473-4d86ed718f84,30.13335084915161,0.0009680585774436,0.0321258190730192,76.16914602106417,30.39,288.75,0.0006339761891249,0.0002524674411484,0.0023296978230277,0.0032161414533011,Linux-5.4.0-94-generic-x86_64-with-glibc2.31,3.10.8,2,Intel(R) Xeon(R) Gold 5120 CPU @ 2.20GHz,1,1 x NVIDIA GeForce RTX 2080 Ti,770.0,machine,N
2022-12-24T04:06:46,"module:Linear,rep_no:1,macs:1950172000,batch_size:476,input_size:4096,output_size:1000,freeText:architecture=vgg16;layer_idx=38,forward_passes:640",abc6ef5b-3b01-4f0c-8ad1-fc0059807c5a,30.045680046081543,0.0009664043374043,0.0321645020489537,76.47832029308758,29.812,288.75,0.0006379989753987,0.0002501636254129,0.0023224830384055,0.0032106456392172,Linux-5.4.0-94-generic-x86_64-with-glibc2.31,3.10.8,2,Intel(R) Xeon(R) Gold 5120 CPU @ 2.20GHz,1,1 x NVIDIA GeForce RTX 2080 Ti,770.0,machine,N
2022-12-24T04:07:21,"module:Linear,rep_no:2,macs:1950172000,batch_size:476,input_size:4096,output_size:1000,freeText:architecture=vgg16;layer_idx=38,forward_passes:640",e30612dd-44cf-4b8e-a247-b83c593f3fd3,30.064496755599976,0.0009669815734145,0.0321635709147352,76.5338419315505,29.9,288.75,0.0006391118479557,0.0002520299495326,0.0023214215693374,0.0032125633668258,Linux-5.4.0-94-generic-x86_64-with-glibc2.31,3.10.8,2,Intel(R) Xeon(R) Gold 5120 CPU @ 2.20GHz,1,1 x NVIDIA GeForce RTX 2080 Ti,770.0,machine,N
2022-12-24T04:07:55,"module:Linear,rep_no:3,macs:1950172000,batch_size:476,input_size:4096,output_size:1000,freeText:architecture=vgg16;layer_idx=38,forward_passes:639",7d093608-f1f4-4576-b18c-144cc5563986,30.04261040687561,0.0009669306043466,0.0321853058456379,76.808462927352,30.189,288.75,0.0006391780196753,0.0002525757793046,0.0023206402353942,0.0032123940343742,Linux-5.4.0-94-generic-x86_64-with-glibc2.31,3.10.8,2,Intel(R) Xeon(R) Gold 5120 CPU @ 2.20GHz,1,1 x NVIDIA GeForce RTX 2080 Ti,770.0,machine,N
