timestamp,project_name,run_id,duration,emissions,emissions_rate,cpu_power,gpu_power,ram_power,cpu_energy,gpu_energy,ram_energy,energy_consumed,os,python_version,cpu_count,cpu_model,gpu_count,gpu_model,ram_total_size,tracking_mode,on_cloud
2022-12-24T23:24:21,"module:MaxPool2d,rep_no:1,macs:42200352,batch_size:201,image_size:55,kernel_size:3,in_channels:64,stride:2,padding:0,freeText:architecture=alexnet;layer_idx=2,forward_passes:137",e26972f2-7c39-4911-b6d9-3c6a7767a4db,30.22185158729553,0.001038676339408,0.0343683885948494,74.55844456410892,30.345,288.75,0.0006309559883755,0.0002543561683759,0.0025654398014148,0.0034507519581662,Linux-5.4.0-94-generic-x86_64-with-glibc2.31,3.10.8,2,Intel(R) Xeon(R) Gold 5120 CPU @ 2.20GHz,1,1 x NVIDIA GeForce RTX 2080 Ti,770.0,machine,N
2022-12-24T23:24:56,"module:MaxPool2d,rep_no:2,macs:42200352,batch_size:201,image_size:55,kernel_size:3,in_channels:64,stride:2,padding:0,freeText:architecture=alexnet;layer_idx=2,forward_passes:137",f3a2b9da-6cc7-4960-a1d2-4dee6c52bbbc,30.21231269836425,0.0010398969592404,0.0344196410788747,78.59745121111152,30.554,288.75,0.0006312866797511,0.0002548922119534,0.0025686282818516,0.0034548071735562,Linux-5.4.0-94-generic-x86_64-with-glibc2.31,3.10.8,2,Intel(R) Xeon(R) Gold 5120 CPU @ 2.20GHz,1,1 x NVIDIA GeForce RTX 2080 Ti,770.0,machine,N
2022-12-24T23:25:31,"module:MaxPool2d,rep_no:3,macs:42200352,batch_size:201,image_size:55,kernel_size:3,in_channels:64,stride:2,padding:0,freeText:architecture=alexnet;layer_idx=2,forward_passes:137",e0b165bb-aa65-4265-9cb0-10071f11e86f,30.23008918762207,0.0010389612961108,0.0343684495822205,74.12532612324753,30.254000000000005,288.75,0.0006321918638086,0.0002537878904775,0.0025657189038892,0.0034516986581754,Linux-5.4.0-94-generic-x86_64-with-glibc2.31,3.10.8,2,Intel(R) Xeon(R) Gold 5120 CPU @ 2.20GHz,1,1 x NVIDIA GeForce RTX 2080 Ti,770.0,machine,N
2022-12-24T23:26:05,"module:MaxPool2d,rep_no:1,macs:4380480,batch_size:30,image_size:27,kernel_size:3,in_channels:192,stride:2,padding:0,freeText:architecture=alexnet;layer_idx=5,forward_passes:1295",03d5f8e5-46db-4302-8840-a7424cdaf0b1,30.05052638053894,0.0009650324981173,0.0321136636974951,75.1199452605024,30.582,288.75,0.0006274180577673,0.0002527420537153,0.0023259279221296,0.0032060880336123,Linux-5.4.0-94-generic-x86_64-with-glibc2.31,3.10.8,2,Intel(R) Xeon(R) Gold 5120 CPU @ 2.20GHz,1,1 x NVIDIA GeForce RTX 2080 Ti,770.0,machine,N
2022-12-24T23:26:40,"module:MaxPool2d,rep_no:2,macs:4380480,batch_size:30,image_size:27,kernel_size:3,in_channels:192,stride:2,padding:0,freeText:architecture=alexnet;layer_idx=5,forward_passes:1297",2aa04725-eb1c-46aa-b566-46cf8a67a82e,30.04581928253174,0.0009659119288125,0.0321479644049567,75.12387923479363,30.588,288.75,0.0006279446212441,0.0002551613585708,0.0023259037504593,0.0032090097302743,Linux-5.4.0-94-generic-x86_64-with-glibc2.31,3.10.8,2,Intel(R) Xeon(R) Gold 5120 CPU @ 2.20GHz,1,1 x NVIDIA GeForce RTX 2080 Ti,770.0,machine,N
2022-12-24T23:27:14,"module:MaxPool2d,rep_no:3,macs:4380480,batch_size:30,image_size:27,kernel_size:3,in_channels:192,stride:2,padding:0,freeText:architecture=alexnet;layer_idx=5,forward_passes:1296",c9ae1de1-c4ee-466a-b03c-e22ab37ed037,30.05311346054077,0.0009659327789558,0.0321408555630723,75.14877438295494,30.186,288.75,0.0006275527420417,0.0002542159991647,0.0023273102586468,0.0032090789998533,Linux-5.4.0-94-generic-x86_64-with-glibc2.31,3.10.8,2,Intel(R) Xeon(R) Gold 5120 CPU @ 2.20GHz,1,1 x NVIDIA GeForce RTX 2080 Ti,770.0,machine,N
2022-12-24T23:27:49,"module:MaxPool2d,rep_no:1,macs:6262272,batch_size:151,image_size:13,kernel_size:3,in_channels:256,stride:2,padding:0,freeText:architecture=alexnet;layer_idx=12,forward_passes:875",eeb40ff9-8fff-48dc-9288-d1179723a332,30.052165031433105,0.0009660475715356,0.0321456896874237,75.15336432945256,30.984,288.75,0.0006260759483603,0.000254954158492,0.0023284302636981,0.0032094603705504,Linux-5.4.0-94-generic-x86_64-with-glibc2.31,3.10.8,2,Intel(R) Xeon(R) Gold 5120 CPU @ 2.20GHz,1,1 x NVIDIA GeForce RTX 2080 Ti,770.0,machine,N
2022-12-24T23:28:24,"module:MaxPool2d,rep_no:2,macs:6262272,batch_size:151,image_size:13,kernel_size:3,in_channels:256,stride:2,padding:0,freeText:architecture=alexnet;layer_idx=12,forward_passes:877",3b5c0091-9050-4865-a7aa-d20ab28be95c,30.0547354221344,0.0009652842282812,0.0321175420353347,75.27053287789262,30.343000000000004,288.75,0.0006283359235016,0.0002546119807298,0.0023239764422178,0.0032069243464493,Linux-5.4.0-94-generic-x86_64-with-glibc2.31,3.10.8,2,Intel(R) Xeon(R) Gold 5120 CPU @ 2.20GHz,1,1 x NVIDIA GeForce RTX 2080 Ti,770.0,machine,N
2022-12-24T23:28:58,"module:MaxPool2d,rep_no:3,macs:6262272,batch_size:151,image_size:13,kernel_size:3,in_channels:256,stride:2,padding:0,freeText:architecture=alexnet;layer_idx=12,forward_passes:877",bce74b7c-a4ee-449d-8927-c3f1ab4fcbcc,30.048656463623047,0.0009664278695527,0.0321620991847892,75.18162711156597,30.226,288.75,0.0006269770626923,0.0002531519043495,0.00233059485207,0.0032107238191119,Linux-5.4.0-94-generic-x86_64-with-glibc2.31,3.10.8,2,Intel(R) Xeon(R) Gold 5120 CPU @ 2.20GHz,1,1 x NVIDIA GeForce RTX 2080 Ti,770.0,machine,N
2022-12-24T23:29:35,"module:MaxPool2d,rep_no:1,macs:130056192,batch_size:81,image_size:224,kernel_size:2,in_channels:64,stride:2,padding:0,freeText:architecture=vgg11;layer_idx=2,forward_passes:22",b5d46a43-50fb-425e-a019-407130e594a0,30.19676184654236,0.0010388638338025,0.0344031535262626,75.05781509656057,29.846,288.75,0.0006296513476095,0.0002536714908793,0.0025680520246426,0.0034513748631315,Linux-5.4.0-94-generic-x86_64-with-glibc2.31,3.10.8,2,Intel(R) Xeon(R) Gold 5120 CPU @ 2.20GHz,1,1 x NVIDIA GeForce RTX 2080 Ti,770.0,machine,N
2022-12-24T23:30:12,"module:MaxPool2d,rep_no:2,macs:130056192,batch_size:81,image_size:224,kernel_size:2,in_channels:64,stride:2,padding:0,freeText:architecture=vgg11;layer_idx=2,forward_passes:22",f925c3fb-88ca-4411-8733-7ac1c23ac3ca,30.27667784690857,0.0010411463579207,0.034387734453074,75.27927981628181,30.817,288.75,0.0006317347959429,0.000256694366997,0.0025705288367966,0.0034589579997367,Linux-5.4.0-94-generic-x86_64-with-glibc2.31,3.10.8,2,Intel(R) Xeon(R) Gold 5120 CPU @ 2.20GHz,1,1 x NVIDIA GeForce RTX 2080 Ti,770.0,machine,N
2022-12-24T23:30:48,"module:MaxPool2d,rep_no:3,macs:130056192,batch_size:81,image_size:224,kernel_size:2,in_channels:64,stride:2,padding:0,freeText:architecture=vgg11;layer_idx=2,forward_passes:22",48abe9d9-d2a9-4748-8627-a522e950c156,30.221593379974365,0.0010427271421744,0.0345027189355747,75.0585301889586,30.272,288.75,0.0006304041132117,0.0002566654903734,0.0025771401710808,0.003464209774666,Linux-5.4.0-94-generic-x86_64-with-glibc2.31,3.10.8,2,Intel(R) Xeon(R) Gold 5120 CPU @ 2.20GHz,1,1 x NVIDIA GeForce RTX 2080 Ti,770.0,machine,N
2022-12-24T23:31:27,"module:MaxPool2d,rep_no:1,macs:200704000,batch_size:250,image_size:112,kernel_size:2,in_channels:128,stride:2,padding:0,freeText:architecture=vgg11;layer_idx=5,forward_passes:15",f1603c6e-d306-45a1-a03a-4dd2c75b921a,31.4661328792572,0.0010092330743335,0.0320736290730793,74.74018056890824,30.235000000000003,288.75,0.0006572529391352,0.0002656998090166,0.0024299810536205,0.0033529338017724,Linux-5.4.0-94-generic-x86_64-with-glibc2.31,3.10.8,2,Intel(R) Xeon(R) Gold 5120 CPU @ 2.20GHz,1,1 x NVIDIA GeForce RTX 2080 Ti,770.0,machine,N
2022-12-24T23:32:07,"module:MaxPool2d,rep_no:2,macs:200704000,batch_size:250,image_size:112,kernel_size:2,in_channels:128,stride:2,padding:0,freeText:architecture=vgg11;layer_idx=5,forward_passes:15",ea573466-c7d2-4dd6-8721-afa69f5b89c7,31.599167108535767,0.001011413951036,0.0320076142374911,75.02808147410975,30.483,288.75,0.0006591968887459,0.0002652683275128,0.0024357140230635,0.0033601792393223,Linux-5.4.0-94-generic-x86_64-with-glibc2.31,3.10.8,2,Intel(R) Xeon(R) Gold 5120 CPU @ 2.20GHz,1,1 x NVIDIA GeForce RTX 2080 Ti,770.0,machine,N
2022-12-24T23:32:46,"module:MaxPool2d,rep_no:3,macs:200704000,batch_size:250,image_size:112,kernel_size:2,in_channels:128,stride:2,padding:0,freeText:architecture=vgg11;layer_idx=5,forward_passes:15",a7d93671-d273-40c7-99f9-5c0e6575b5d8,31.67715096473694,0.0010132637586037,0.0319872124779069,74.99832663058136,30.385,288.75,0.0006607101169009,0.0002661265888267,0.0024394880736867,0.0033663247794145,Linux-5.4.0-94-generic-x86_64-with-glibc2.31,3.10.8,2,Intel(R) Xeon(R) Gold 5120 CPU @ 2.20GHz,1,1 x NVIDIA GeForce RTX 2080 Ti,770.0,machine,N
2022-12-24T23:33:22,"module:MaxPool2d,rep_no:1,macs:83091456,batch_size:207,image_size:56,kernel_size:2,in_channels:256,stride:2,padding:0,freeText:architecture=vgg11;layer_idx=10,forward_passes:38",735b6cff-ead2-4a42-888e-ee225e3e01d6,30.458564043045044,0.0009755709237012,0.0320294457191931,74.9589669410594,30.486000000000004,288.75,0.0006368432939186,0.0002557670419886,0.0023484890783826,0.0032410994142899,Linux-5.4.0-94-generic-x86_64-with-glibc2.31,3.10.8,2,Intel(R) Xeon(R) Gold 5120 CPU @ 2.20GHz,1,1 x NVIDIA GeForce RTX 2080 Ti,770.0,machine,N
2022-12-24T23:33:58,"module:MaxPool2d,rep_no:2,macs:83091456,batch_size:207,image_size:56,kernel_size:2,in_channels:256,stride:2,padding:0,freeText:architecture=vgg11;layer_idx=10,forward_passes:38",3799f2d0-6c6f-4176-bca5-734ec26c3fee,30.46005940437317,0.0009753566194192,0.0320208377295283,74.78916508273488,30.248,288.75,0.0006366829074014,0.0002573483172015,0.0023463562153279,0.0032403874399309,Linux-5.4.0-94-generic-x86_64-with-glibc2.31,3.10.8,2,Intel(R) Xeon(R) Gold 5120 CPU @ 2.20GHz,1,1 x NVIDIA GeForce RTX 2080 Ti,770.0,machine,N
2022-12-24T23:34:35,"module:MaxPool2d,rep_no:3,macs:83091456,batch_size:207,image_size:56,kernel_size:2,in_channels:256,stride:2,padding:0,freeText:architecture=vgg11;layer_idx=10,forward_passes:38",6d499f05-afba-436c-851f-9738470c541b,30.50723648071289,0.0009779023359516,0.0320547663033955,74.88391985133667,30.255,288.75,0.0006380759135158,0.0002571513768471,0.002353617679576,0.0032488449699391,Linux-5.4.0-94-generic-x86_64-with-glibc2.31,3.10.8,2,Intel(R) Xeon(R) Gold 5120 CPU @ 2.20GHz,1,1 x NVIDIA GeForce RTX 2080 Ti,770.0,machine,N
2022-12-24T23:35:09,"module:MaxPool2d,rep_no:1,macs:3010560,batch_size:15,image_size:28,kernel_size:2,in_channels:512,stride:2,padding:0,freeText:architecture=vgg11;layer_idx=15,forward_passes:1232",52ece8d6-9f58-42ee-8a56-c12e5de3ef24,30.03476095199585,0.0009643665955753,0.0321083492928962,75.26062423226332,30.016,288.75,0.0006283871082648,0.0002523853647913,0.0023231032597521,0.0032038757328083,Linux-5.4.0-94-generic-x86_64-with-glibc2.31,3.10.8,2,Intel(R) Xeon(R) Gold 5120 CPU @ 2.20GHz,1,1 x NVIDIA GeForce RTX 2080 Ti,770.0,machine,N
2022-12-24T23:35:44,"module:MaxPool2d,rep_no:2,macs:3010560,batch_size:15,image_size:28,kernel_size:2,in_channels:512,stride:2,padding:0,freeText:architecture=vgg11;layer_idx=15,forward_passes:1231",5c0f101b-5ed2-4c3f-a391-44329d5df7fa,30.041407346725464,0.0009636355189173,0.0320769099728062,75.45795988568142,30.438,288.75,0.0006268370211914,0.0002521029049126,0.0023225069805979,0.003201446906702,Linux-5.4.0-94-generic-x86_64-with-glibc2.31,3.10.8,2,Intel(R) Xeon(R) Gold 5120 CPU @ 2.20GHz,1,1 x NVIDIA GeForce RTX 2080 Ti,770.0,machine,N
2022-12-24T23:36:18,"module:MaxPool2d,rep_no:3,macs:3010560,batch_size:15,image_size:28,kernel_size:2,in_channels:512,stride:2,padding:0,freeText:architecture=vgg11;layer_idx=15,forward_passes:1234",4eab7464-b9d0-4c8a-9e16-8cbc5c52b556,30.055259466171265,0.000965514151776,0.0321246320585842,75.24587153430583,30.398,288.75,0.0006285584297907,0.000253647792855,0.0023254819892346,0.0032076882118805,Linux-5.4.0-94-generic-x86_64-with-glibc2.31,3.10.8,2,Intel(R) Xeon(R) Gold 5120 CPU @ 2.20GHz,1,1 x NVIDIA GeForce RTX 2080 Ti,770.0,machine,N
2022-12-24T23:36:53,"module:MaxPool2d,rep_no:1,macs:5519360,batch_size:110,image_size:14,kernel_size:2,in_channels:512,stride:2,padding:0,freeText:architecture=vgg11;layer_idx=20,forward_passes:655",124f4062-481a-4568-ac94-f44b34ca981a,30.06873655319214,0.0009669204095931,0.032157001604727,75.32538146207193,30.423,288.75,0.000628677601275,0.0002549021547858,0.0023287804087003,0.0032123601647611,Linux-5.4.0-94-generic-x86_64-with-glibc2.31,3.10.8,2,Intel(R) Xeon(R) Gold 5120 CPU @ 2.20GHz,1,1 x NVIDIA GeForce RTX 2080 Ti,770.0,machine,N
2022-12-24T23:37:28,"module:MaxPool2d,rep_no:2,macs:5519360,batch_size:110,image_size:14,kernel_size:2,in_channels:512,stride:2,padding:0,freeText:architecture=vgg11;layer_idx=20,forward_passes:656",e7ef34e8-be64-45c5-a3ea-a78c93e3ea1a,30.045530319213867,0.0009666497830218,0.0321728314578512,75.32971075986141,30.395000000000003,288.75,0.0006288417005729,0.0002538360571691,0.0023287833154201,0.0032114610731622,Linux-5.4.0-94-generic-x86_64-with-glibc2.31,3.10.8,2,Intel(R) Xeon(R) Gold 5120 CPU @ 2.20GHz,1,1 x NVIDIA GeForce RTX 2080 Ti,770.0,machine,N
2022-12-24T23:38:02,"module:MaxPool2d,rep_no:3,macs:5519360,batch_size:110,image_size:14,kernel_size:2,in_channels:512,stride:2,padding:0,freeText:architecture=vgg11;layer_idx=20,forward_passes:656",250c3118-5228-4627-a50a-85c562de23cc,30.076701879501343,0.0009646762497846,0.0320738707870785,75.21060815616926,30.455,288.75,0.0006285881337034,0.0002538302333969,0.0023224861172338,0.0032049044843342,Linux-5.4.0-94-generic-x86_64-with-glibc2.31,3.10.8,2,Intel(R) Xeon(R) Gold 5120 CPU @ 2.20GHz,1,1 x NVIDIA GeForce RTX 2080 Ti,770.0,machine,N
2022-12-24T23:38:45,"module:MaxPool2d,rep_no:1,macs:322732032,batch_size:201,image_size:224,kernel_size:2,in_channels:64,stride:2,padding:0,freeText:architecture=vgg13;layer_idx=4,forward_passes:10",d399d846-7fb5-4eeb-bd5f-e4c1778add4c,33.396475076675415,0.0010713503309623,0.0320797428022767,73.08640604372832,30.443,288.75,0.0006975872052915,0.0002821154530348,0.0025796007667978,0.0035593034251242,Linux-5.4.0-94-generic-x86_64-with-glibc2.31,3.10.8,2,Intel(R) Xeon(R) Gold 5120 CPU @ 2.20GHz,1,1 x NVIDIA GeForce RTX 2080 Ti,770.0,machine,N
2022-12-24T23:39:25,"module:MaxPool2d,rep_no:2,macs:322732032,batch_size:201,image_size:224,kernel_size:2,in_channels:64,stride:2,padding:0,freeText:architecture=vgg13;layer_idx=4,forward_passes:9",b87b2cbd-ed2b-4577-99a6-8736b9618046,30.64283514022827,0.0009813730814461,0.0320261841619813,73.71807489318765,29.973,288.75,0.0006397301665059,0.0002594758374153,0.0023611696819464,0.0032603756858677,Linux-5.4.0-94-generic-x86_64-with-glibc2.31,3.10.8,2,Intel(R) Xeon(R) Gold 5120 CPU @ 2.20GHz,1,1 x NVIDIA GeForce RTX 2080 Ti,770.0,machine,N
2022-12-24T23:40:05,"module:MaxPool2d,rep_no:3,macs:322732032,batch_size:201,image_size:224,kernel_size:2,in_channels:64,stride:2,padding:0,freeText:architecture=vgg13;layer_idx=4,forward_passes:9",ae7c1dbc-5e19-4708-a7ba-584e3d2d2c04,30.57371687889099,0.0009784146197501,0.0320018211598484,74.05936534351383,30.587,288.75,0.0006378009507959,0.0002588234368532,0.0023539225218196,0.0032505469094688,Linux-5.4.0-94-generic-x86_64-with-glibc2.31,3.10.8,2,Intel(R) Xeon(R) Gold 5120 CPU @ 2.20GHz,1,1 x NVIDIA GeForce RTX 2080 Ti,770.0,machine,N
2022-12-24T23:40:44,"module:MaxPool2d,rep_no:1,macs:174211072,batch_size:217,image_size:112,kernel_size:2,in_channels:128,stride:2,padding:0,freeText:architecture=vgg13;layer_idx=9,forward_passes:17",c206b047-4ffe-468b-a3d6-4af59e1c7aeb,31.123331308364868,0.0009959206189498,0.0319991651627012,75.08293736052715,30.601,288.75,0.0006494364520487,0.0002616597845948,0.002397610138605,0.0033087063752486,Linux-5.4.0-94-generic-x86_64-with-glibc2.31,3.10.8,2,Intel(R) Xeon(R) Gold 5120 CPU @ 2.20GHz,1,1 x NVIDIA GeForce RTX 2080 Ti,770.0,machine,N
2022-12-24T23:41:22,"module:MaxPool2d,rep_no:2,macs:174211072,batch_size:217,image_size:112,kernel_size:2,in_channels:128,stride:2,padding:0,freeText:architecture=vgg13;layer_idx=9,forward_passes:17",faaf9f07-193d-436d-b836-f213d65a79c8,30.98533821105957,0.0009910979370119,0.0319860293362297,74.95892765672716,30.77,288.75,0.000646991150648,0.0002620907713786,0.0023836022540926,0.0032926841761194,Linux-5.4.0-94-generic-x86_64-with-glibc2.31,3.10.8,2,Intel(R) Xeon(R) Gold 5120 CPU @ 2.20GHz,1,1 x NVIDIA GeForce RTX 2080 Ti,770.0,machine,N
2022-12-24T23:42:00,"module:MaxPool2d,rep_no:3,macs:174211072,batch_size:217,image_size:112,kernel_size:2,in_channels:128,stride:2,padding:0,freeText:architecture=vgg13;layer_idx=9,forward_passes:17",eaea4fee-bad6-4953-966b-d9470ce36186,31.14400148391724,0.0009978614251922,0.0320402445943729,75.02408585609373,30.605,288.75,0.0006508377995587,0.0002641272920509,0.0024001891449093,0.003315154236519,Linux-5.4.0-94-generic-x86_64-with-glibc2.31,3.10.8,2,Intel(R) Xeon(R) Gold 5120 CPU @ 2.20GHz,1,1 x NVIDIA GeForce RTX 2080 Ti,770.0,machine,N
2022-12-24T23:42:36,"module:MaxPool2d,rep_no:1,macs:65830912,batch_size:164,image_size:56,kernel_size:2,in_channels:256,stride:2,padding:0,freeText:architecture=vgg13;layer_idx=14,forward_passes:48",376d6f93-b6f9-43a6-abfb-6d9e71819922,30.46581649780273,0.000975269006121,0.0320119109951114,74.77926883557147,30.823,288.75,0.000636991405426,0.0002575088140894,0.0023455961463352,0.0032400963658506,Linux-5.4.0-94-generic-x86_64-with-glibc2.31,3.10.8,2,Intel(R) Xeon(R) Gold 5120 CPU @ 2.20GHz,1,1 x NVIDIA GeForce RTX 2080 Ti,770.0,machine,N
2022-12-24T23:43:11,"module:MaxPool2d,rep_no:2,macs:65830912,batch_size:164,image_size:56,kernel_size:2,in_channels:256,stride:2,padding:0,freeText:architecture=vgg13;layer_idx=14,forward_passes:48",f4c03602-0376-4d96-8716-66ffc8cdbf08,30.427887201309204,0.00097281629739,0.0319712075621278,74.62427649583978,29.984000000000005,288.75,0.0006357966783591,0.0002558460595773,0.0023403050939242,0.0032319478318606,Linux-5.4.0-94-generic-x86_64-with-glibc2.31,3.10.8,2,Intel(R) Xeon(R) Gold 5120 CPU @ 2.20GHz,1,1 x NVIDIA GeForce RTX 2080 Ti,770.0,machine,N
2022-12-24T23:43:47,"module:MaxPool2d,rep_no:3,macs:65830912,batch_size:164,image_size:56,kernel_size:2,in_channels:256,stride:2,padding:0,freeText:architecture=vgg13;layer_idx=14,forward_passes:48",fc6c431c-b383-4dcb-9257-4932de56d4dc,30.41245174407959,0.0009721645185792,0.0319660028319973,74.75182964043626,30.955,288.75,0.000634858722331,0.0002554723143419,0.0023394514170785,0.0032297824537515,Linux-5.4.0-94-generic-x86_64-with-glibc2.31,3.10.8,2,Intel(R) Xeon(R) Gold 5120 CPU @ 2.20GHz,1,1 x NVIDIA GeForce RTX 2080 Ti,770.0,machine,N
2022-12-24T23:44:22,"module:MaxPool2d,rep_no:1,macs:23683072,batch_size:118,image_size:28,kernel_size:2,in_channels:512,stride:2,padding:0,freeText:architecture=vgg13;layer_idx=19,forward_passes:157",d2248cc1-5577-47e5-b19c-a491330d243f,30.077146291732788,0.0009654472136867,0.0320990297524361,75.32232746845368,30.155,288.75,0.00062906858131,0.000253409111183,0.0023249881337086,0.0032074658262016,Linux-5.4.0-94-generic-x86_64-with-glibc2.31,3.10.8,2,Intel(R) Xeon(R) Gold 5120 CPU @ 2.20GHz,1,1 x NVIDIA GeForce RTX 2080 Ti,770.0,machine,N
2022-12-24T23:44:57,"module:MaxPool2d,rep_no:2,macs:23683072,batch_size:118,image_size:28,kernel_size:2,in_channels:512,stride:2,padding:0,freeText:architecture=vgg13;layer_idx=19,forward_passes:157",d5556a9e-5f3d-458c-a6ea-d4863e198a30,30.06590485572815,0.000962639606791,0.032017649607098,75.26327581139597,30.636,288.75,0.0006280996838682,0.0002536764654405,0.0023163620792329,0.0031981382285417,Linux-5.4.0-94-generic-x86_64-with-glibc2.31,3.10.8,2,Intel(R) Xeon(R) Gold 5120 CPU @ 2.20GHz,1,1 x NVIDIA GeForce RTX 2080 Ti,770.0,machine,N
2022-12-24T23:45:32,"module:MaxPool2d,rep_no:3,macs:23683072,batch_size:118,image_size:28,kernel_size:2,in_channels:512,stride:2,padding:0,freeText:architecture=vgg13;layer_idx=19,forward_passes:158",f3015a0c-24bd-4f34-adf3-df6f7111cc42,30.184537410736084,0.0010372237937151,0.0343627526770109,72.99420522914778,30.282,288.75,0.0006315508938514,0.0002553477727989,0.0025590275583167,0.0034459262249671,Linux-5.4.0-94-generic-x86_64-with-glibc2.31,3.10.8,2,Intel(R) Xeon(R) Gold 5120 CPU @ 2.20GHz,1,1 x NVIDIA GeForce RTX 2080 Ti,770.0,machine,N
2022-12-24T23:46:07,"module:MaxPool2d,rep_no:1,macs:8931328,batch_size:178,image_size:14,kernel_size:2,in_channels:512,stride:2,padding:0,freeText:architecture=vgg13;layer_idx=24,forward_passes:406",38976a83-69ad-4845-bf64-3e3ad6eccb6c,30.106682062149048,0.0009654258104205,0.0320668285009825,75.30688788228714,30.488,288.75,0.0006286902657295,0.0002533767687935,0.0023253276844819,0.0032073947190051,Linux-5.4.0-94-generic-x86_64-with-glibc2.31,3.10.8,2,Intel(R) Xeon(R) Gold 5120 CPU @ 2.20GHz,1,1 x NVIDIA GeForce RTX 2080 Ti,770.0,machine,N
2022-12-24T23:46:41,"module:MaxPool2d,rep_no:2,macs:8931328,batch_size:178,image_size:14,kernel_size:2,in_channels:512,stride:2,padding:0,freeText:architecture=vgg13;layer_idx=24,forward_passes:405",eac06794-a2d0-4d53-94c7-79e69b906437,30.065746545791622,0.0009644468163272,0.0320779267815073,75.28453882609645,30.779,288.75,0.0006279940593392,0.0002538109441375,0.0023223372434576,0.0032041422469344,Linux-5.4.0-94-generic-x86_64-with-glibc2.31,3.10.8,2,Intel(R) Xeon(R) Gold 5120 CPU @ 2.20GHz,1,1 x NVIDIA GeForce RTX 2080 Ti,770.0,machine,N
2022-12-24T23:47:16,"module:MaxPool2d,rep_no:3,macs:8931328,batch_size:178,image_size:14,kernel_size:2,in_channels:512,stride:2,padding:0,freeText:architecture=vgg13;layer_idx=24,forward_passes:405",25cc8c35-3bc3-41da-aef8-12e7c874704b,30.0899670124054,0.0009658347977906,0.0320982338529146,75.3002801796778,30.783,288.75,0.0006283413823949,0.0002549371276011,0.0023254749710361,0.0032087534810321,Linux-5.4.0-94-generic-x86_64-with-glibc2.31,3.10.8,2,Intel(R) Xeon(R) Gold 5120 CPU @ 2.20GHz,1,1 x NVIDIA GeForce RTX 2080 Ti,770.0,machine,N
2022-12-24T23:47:56,"module:MaxPool2d,rep_no:1,macs:325943296,batch_size:203,image_size:224,kernel_size:2,in_channels:64,stride:2,padding:0,freeText:architecture=vgg16;layer_idx=4,forward_passes:9",6ac05e58-4b7f-4725-9bdb-9fa24527b1f1,30.89484643936157,0.000989171364146,0.0320173581729092,74.80434036712884,30.541000000000004,288.75,0.0006446887388061,0.0002609243992175,0.0023806704637904,0.0032862836018141,Linux-5.4.0-94-generic-x86_64-with-glibc2.31,3.10.8,2,Intel(R) Xeon(R) Gold 5120 CPU @ 2.20GHz,1,1 x NVIDIA GeForce RTX 2080 Ti,770.0,machine,N
2022-12-24T23:48:37,"module:MaxPool2d,rep_no:2,macs:325943296,batch_size:203,image_size:224,kernel_size:2,in_channels:64,stride:2,padding:0,freeText:architecture=vgg16;layer_idx=4,forward_passes:9",8d645c9b-c2a7-4353-90a8-c143b4775f5e,31.277374029159542,0.0010020714047489,0.0320382204661656,74.81369301356612,30.955,288.75,0.0006523831227394,0.0002649101219632,0.0024118476348618,0.0033291408795645,Linux-5.4.0-94-generic-x86_64-with-glibc2.31,3.10.8,2,Intel(R) Xeon(R) Gold 5120 CPU @ 2.20GHz,1,1 x NVIDIA GeForce RTX 2080 Ti,770.0,machine,N
2022-12-24T23:49:18,"module:MaxPool2d,rep_no:3,macs:325943296,batch_size:203,image_size:224,kernel_size:2,in_channels:64,stride:2,padding:0,freeText:architecture=vgg16;layer_idx=4,forward_passes:9",56725520-d5fe-46e8-9d1c-303540734329,30.918031454086304,0.0009896947735883,0.0320102777260593,74.74889601860676,30.518,288.75,0.0006454664949838,0.0002604027926274,0.0023821532160043,0.0032880225036157,Linux-5.4.0-94-generic-x86_64-with-glibc2.31,3.10.8,2,Intel(R) Xeon(R) Gold 5120 CPU @ 2.20GHz,1,1 x NVIDIA GeForce RTX 2080 Ti,770.0,machine,N
2022-12-24T23:49:55,"module:MaxPool2d,rep_no:1,macs:109182976,batch_size:136,image_size:112,kernel_size:2,in_channels:128,stride:2,padding:0,freeText:architecture=vgg16;layer_idx=9,forward_passes:27",d9cdb78e-e78d-4608-bd39-ee7ac5b7eb5e,30.87297201156616,0.0009899619509244,0.0320656511641826,75.19508022697913,30.354,288.75,0.0006463591665313,0.0002628773958071,0.0023796735736231,0.0032889101359616,Linux-5.4.0-94-generic-x86_64-with-glibc2.31,3.10.8,2,Intel(R) Xeon(R) Gold 5120 CPU @ 2.20GHz,1,1 x NVIDIA GeForce RTX 2080 Ti,770.0,machine,N
2022-12-24T23:50:32,"module:MaxPool2d,rep_no:2,macs:109182976,batch_size:136,image_size:112,kernel_size:2,in_channels:128,stride:2,padding:0,freeText:architecture=vgg16;layer_idx=9,forward_passes:27",6fe85f45-11f4-416a-a31b-d85edbd6faf3,30.841856956481934,0.000988828744144,0.0320612583587077,75.31319443450317,30.651,288.75,0.0006465399827871,0.0002609179231672,0.0023776874234278,0.0032851453293823,Linux-5.4.0-94-generic-x86_64-with-glibc2.31,3.10.8,2,Intel(R) Xeon(R) Gold 5120 CPU @ 2.20GHz,1,1 x NVIDIA GeForce RTX 2080 Ti,770.0,machine,N
2022-12-24T23:51:09,"module:MaxPool2d,rep_no:3,macs:109182976,batch_size:136,image_size:112,kernel_size:2,in_channels:128,stride:2,padding:0,freeText:architecture=vgg16;layer_idx=9,forward_passes:27",7bc0d16b-65ae-43d0-8651-a029c25bbe64,30.92781090736389,0.0009931130879255,0.0321106815771774,75.22558537608346,30.735,288.75,0.0006469417292196,0.0002634026738003,0.0023890346266329,0.0032993790296528,Linux-5.4.0-94-generic-x86_64-with-glibc2.31,3.10.8,2,Intel(R) Xeon(R) Gold 5120 CPU @ 2.20GHz,1,1 x NVIDIA GeForce RTX 2080 Ti,770.0,machine,N
2022-12-24T23:51:44,"module:MaxPool2d,rep_no:1,macs:16056320,batch_size:40,image_size:56,kernel_size:2,in_channels:256,stride:2,padding:0,freeText:architecture=vgg16;layer_idx=16,forward_passes:235",e879c231-28d4-447f-ad0a-c55e53ab0d4e,30.10676121711731,0.000968504369803,0.0321689989440772,75.62368408289296,30.695,288.75,0.0006299295825543,0.0002580527035294,0.0023296402049561,0.0032176224910399,Linux-5.4.0-94-generic-x86_64-with-glibc2.31,3.10.8,2,Intel(R) Xeon(R) Gold 5120 CPU @ 2.20GHz,1,1 x NVIDIA GeForce RTX 2080 Ti,770.0,machine,N
2022-12-24T23:52:19,"module:MaxPool2d,rep_no:2,macs:16056320,batch_size:40,image_size:56,kernel_size:2,in_channels:256,stride:2,padding:0,freeText:architecture=vgg16;layer_idx=16,forward_passes:234",03ce053a-80a3-4f3e-92d9-c63649c7f9bd,30.061298608779907,0.0009654214335484,0.0321150940986442,75.82357727245153,30.818,288.75,0.0006296205078626,0.0002568675061762,0.0023208921638627,0.0032073801779016,Linux-5.4.0-94-generic-x86_64-with-glibc2.31,3.10.8,2,Intel(R) Xeon(R) Gold 5120 CPU @ 2.20GHz,1,1 x NVIDIA GeForce RTX 2080 Ti,770.0,machine,N
2022-12-24T23:52:53,"module:MaxPool2d,rep_no:3,macs:16056320,batch_size:40,image_size:56,kernel_size:2,in_channels:256,stride:2,padding:0,freeText:architecture=vgg16;layer_idx=16,forward_passes:235",6cdca981-6c64-4ba2-8a60-478a01e0cf61,30.108317136764526,0.000967912884763,0.0321476912962755,75.31983535476365,30.876,288.75,0.0006300548398768,0.0002563157373216,0.0023292868472635,0.003215657424462,Linux-5.4.0-94-generic-x86_64-with-glibc2.31,3.10.8,2,Intel(R) Xeon(R) Gold 5120 CPU @ 2.20GHz,1,1 x NVIDIA GeForce RTX 2080 Ti,770.0,machine,N
2022-12-24T23:53:29,"module:MaxPool2d,rep_no:1,macs:45760512,batch_size:228,image_size:28,kernel_size:2,in_channels:512,stride:2,padding:0,freeText:architecture=vgg16;layer_idx=23,forward_passes:68",e11c59e7-24a8-4c21-a962-765b3e8dddce,30.17365860939026,0.0009684562744807,0.032096083773524,75.21580959255786,30.514,288.75,0.0006308506694023,0.0002560220417254,0.0023305899947881,0.0032174627059159,Linux-5.4.0-94-generic-x86_64-with-glibc2.31,3.10.8,2,Intel(R) Xeon(R) Gold 5120 CPU @ 2.20GHz,1,1 x NVIDIA GeForce RTX 2080 Ti,770.0,machine,N
2022-12-24T23:54:04,"module:MaxPool2d,rep_no:2,macs:45760512,batch_size:228,image_size:28,kernel_size:2,in_channels:512,stride:2,padding:0,freeText:architecture=vgg16;layer_idx=23,forward_passes:68",7d1d528c-10a2-4fad-8b5f-06a3417cfa2e,30.22135257720948,0.0010412191390169,0.0344530952529954,75.32335246713052,30.871,288.75,0.0006310686998545,0.0002565049931295,0.0025716261044144,0.0034591997973985,Linux-5.4.0-94-generic-x86_64-with-glibc2.31,3.10.8,2,Intel(R) Xeon(R) Gold 5120 CPU @ 2.20GHz,1,1 x NVIDIA GeForce RTX 2080 Ti,770.0,machine,N
2022-12-24T23:54:40,"module:MaxPool2d,rep_no:3,macs:45760512,batch_size:228,image_size:28,kernel_size:2,in_channels:512,stride:2,padding:0,freeText:architecture=vgg16;layer_idx=23,forward_passes:68",3ec7c4db-d7ef-42e5-a6e7-5ecdb0108014,30.23314332962036,0.0010412344576169,0.034440165425896,71.70104090946131,30.569,288.75,0.0006314560182199,0.0002575075705666,0.0025702871009707,0.0034592506897573,Linux-5.4.0-94-generic-x86_64-with-glibc2.31,3.10.8,2,Intel(R) Xeon(R) Gold 5120 CPU @ 2.20GHz,1,1 x NVIDIA GeForce RTX 2080 Ti,770.0,machine,N
2022-12-24T23:55:14,"module:MaxPool2d,rep_no:1,macs:2609152,batch_size:52,image_size:14,kernel_size:2,in_channels:512,stride:2,padding:0,freeText:architecture=vgg16;layer_idx=30,forward_passes:1383",533fad4d-f2ea-4c50-afa7-3ee65a8e429f,30.046161651611328,0.0009659630482816,0.0321492994506948,75.63134340176715,30.357,288.75,0.0006284079616148,0.0002563934384085,0.002324378162374,0.0032091795623974,Linux-5.4.0-94-generic-x86_64-with-glibc2.31,3.10.8,2,Intel(R) Xeon(R) Gold 5120 CPU @ 2.20GHz,1,1 x NVIDIA GeForce RTX 2080 Ti,770.0,machine,N
2022-12-24T23:55:49,"module:MaxPool2d,rep_no:2,macs:2609152,batch_size:52,image_size:14,kernel_size:2,in_channels:512,stride:2,padding:0,freeText:architecture=vgg16;layer_idx=30,forward_passes:1383",a6b205f8-8849-49a0-9faa-40d00c73065f,30.0370569229126,0.0009666501513462,0.0321819196143972,75.24759189565214,30.892,288.75,0.0006283015065296,0.0002548507921371,0.0023283099981645,0.0032114622968313,Linux-5.4.0-94-generic-x86_64-with-glibc2.31,3.10.8,2,Intel(R) Xeon(R) Gold 5120 CPU @ 2.20GHz,1,1 x NVIDIA GeForce RTX 2080 Ti,770.0,machine,N
2022-12-24T23:56:23,"module:MaxPool2d,rep_no:3,macs:2609152,batch_size:52,image_size:14,kernel_size:2,in_channels:512,stride:2,padding:0,freeText:architecture=vgg16;layer_idx=30,forward_passes:1382",b7a618ec-3428-4fff-958f-d6262850b9c3,30.05346918106079,0.0009656832272964,0.0321321715466042,75.20854533176083,30.717,288.75,0.0006287395688245,0.0002569164986486,0.0023225938570996,0.0032082499245728,Linux-5.4.0-94-generic-x86_64-with-glibc2.31,3.10.8,2,Intel(R) Xeon(R) Gold 5120 CPU @ 2.20GHz,1,1 x NVIDIA GeForce RTX 2080 Ti,770.0,machine,N
