timestamp,project_name,run_id,duration,emissions,emissions_rate,cpu_power,gpu_power,ram_power,cpu_energy,gpu_energy,ram_energy,energy_consumed,os,python_version,cpu_count,cpu_model,gpu_count,gpu_model,ram_total_size,tracking_mode,on_cloud
2022-12-23T12:17:50,"module:Conv2d,rep_no:1,macs:16701484800,batch_size:237,image_size:224,kernel_size:11,in_channels:3,out_channels:64,stride:4,padding:2,freeText:architecture=alexnet;layer_idx=0,forward_passes:58",3e2a38a2-6fba-43b1-8261-a02e58111e11,30.117743015289307,0.0009673656552774,0.0321194604385321,75.92403262935878,30.436,288.75,0.0006344011458538,0.0002545688424223,0.0023248693980276,0.0032138393863038,Linux-5.4.0-94-generic-x86_64-with-glibc2.31,3.10.8,2,Intel(R) Xeon(R) Gold 5120 CPU @ 2.20GHz,1,1 x NVIDIA GeForce RTX 2080 Ti,770.0,machine,N
2022-12-23T12:18:25,"module:Conv2d,rep_no:2,macs:16701484800,batch_size:237,image_size:224,kernel_size:11,in_channels:3,out_channels:64,stride:4,padding:2,freeText:architecture=alexnet;layer_idx=0,forward_passes:58",125eaca0-b1a6-46b7-aacd-2e0c2f97242f,30.05800557136536,0.0008705343027123,0.0289618118755571,34.758070442689466,30.110000000000003,288.75,0.0003238712290967,0.0002536050052324,0.0023146643062432,0.0028921405405725,Linux-5.4.0-94-generic-x86_64-with-glibc2.31,3.10.8,2,Intel(R) Xeon(R) Gold 5120 CPU @ 2.20GHz,1,1 x NVIDIA GeForce RTX 2080 Ti,770.0,machine,N
2022-12-23T12:19:00,"module:Conv2d,rep_no:3,macs:16701484800,batch_size:237,image_size:224,kernel_size:11,in_channels:3,out_channels:64,stride:4,padding:2,freeText:architecture=alexnet;layer_idx=0,forward_passes:58",756f8697-fa42-4af7-aacc-36e46f06b517,30.100621223449707,0.0009671683118043,0.0321311744573208,75.80389719909965,30.511,288.75,0.0006344399711626,0.0002551621060941,0.0023235816828906,0.0032131837601474,Linux-5.4.0-94-generic-x86_64-with-glibc2.31,3.10.8,2,Intel(R) Xeon(R) Gold 5120 CPU @ 2.20GHz,1,1 x NVIDIA GeForce RTX 2080 Ti,770.0,machine,N
2022-12-23T12:19:35,"module:Conv2d,rep_no:1,macs:30700161216,batch_size:137,image_size:27,kernel_size:5,in_channels:64,out_channels:192,stride:1,padding:2,freeText:architecture=alexnet;layer_idx=3,forward_passes:45",f5468599-cd21-460f-8c43-18eee4ff4e93,30.5961275100708,0.000981938498216,0.0320935549079813,75.38269499830784,30.887,288.75,0.000640398670374,0.0002624180657413,0.0023594374107817,0.0032622541468971,Linux-5.4.0-94-generic-x86_64-with-glibc2.31,3.10.8,2,Intel(R) Xeon(R) Gold 5120 CPU @ 2.20GHz,1,1 x NVIDIA GeForce RTX 2080 Ti,770.0,machine,N
2022-12-23T12:20:10,"module:Conv2d,rep_no:2,macs:30700161216,batch_size:137,image_size:27,kernel_size:5,in_channels:64,out_channels:192,stride:1,padding:2,freeText:architecture=alexnet;layer_idx=3,forward_passes:45",6bcdae6d-adca-4b52-9298-98d33ef35600,30.571372985839844,0.0009800479440839,0.032057701318742,75.23859464098925,30.877,288.75,0.0006397792662674,0.000261784056173,0.0023544099137187,0.0032559732361591,Linux-5.4.0-94-generic-x86_64-with-glibc2.31,3.10.8,2,Intel(R) Xeon(R) Gold 5120 CPU @ 2.20GHz,1,1 x NVIDIA GeForce RTX 2080 Ti,770.0,machine,N
2022-12-23T12:20:45,"module:Conv2d,rep_no:3,macs:30700161216,batch_size:137,image_size:27,kernel_size:5,in_channels:64,out_channels:192,stride:1,padding:2,freeText:architecture=alexnet;layer_idx=3,forward_passes:45",6b83bca5-1ac4-4391-9bed-5f35c8e764df,30.57294750213623,0.0009808740219755,0.0320830702341356,75.12417579708834,30.511,288.75,0.0006393020397745,0.0002626683422713,0.002356747298936,0.0032587176809819,Linux-5.4.0-94-generic-x86_64-with-glibc2.31,3.10.8,2,Intel(R) Xeon(R) Gold 5120 CPU @ 2.20GHz,1,1 x NVIDIA GeForce RTX 2080 Ti,770.0,machine,N
2022-12-23T12:21:20,"module:Conv2d,rep_no:1,macs:6956721408,batch_size:62,image_size:13,kernel_size:3,in_channels:192,out_channels:384,stride:1,padding:1,freeText:architecture=alexnet;layer_idx=6,forward_passes:203",f6aa435b-4a44-418d-99d2-132eec4d15cf,30.057501792907715,0.000966793600687,0.0321648022296779,75.83519672399585,31.282,288.75,0.0006316179475161,0.0002564226393226,0.0023238982858757,0.0032119388727145,Linux-5.4.0-94-generic-x86_64-with-glibc2.31,3.10.8,2,Intel(R) Xeon(R) Gold 5120 CPU @ 2.20GHz,1,1 x NVIDIA GeForce RTX 2080 Ti,770.0,machine,N
2022-12-23T12:21:54,"module:Conv2d,rep_no:2,macs:6956721408,batch_size:62,image_size:13,kernel_size:3,in_channels:192,out_channels:384,stride:1,padding:1,freeText:architecture=alexnet;layer_idx=6,forward_passes:208",3fea01c9-cb46-46a2-adf8-ea7861af1fb0,30.141876697540283,0.0009698077127473,0.0321747621250965,75.74508002081241,30.844000000000005,288.75,0.0006345513429184,0.0002572143124844,0.0023301868786414,0.0032219525340443,Linux-5.4.0-94-generic-x86_64-with-glibc2.31,3.10.8,2,Intel(R) Xeon(R) Gold 5120 CPU @ 2.20GHz,1,1 x NVIDIA GeForce RTX 2080 Ti,770.0,machine,N
2022-12-23T12:22:29,"module:Conv2d,rep_no:3,macs:6956721408,batch_size:62,image_size:13,kernel_size:3,in_channels:192,out_channels:384,stride:1,padding:1,freeText:architecture=alexnet;layer_idx=6,forward_passes:208",ff021de9-c6a5-463d-b032-267f651414e2,30.185280561447144,0.0010392110878752,0.0344277432094667,75.69895114289751,30.511,288.75,0.0006353311843756,0.0002571334854607,0.0025600638613104,0.0034525285311468,Linux-5.4.0-94-generic-x86_64-with-glibc2.31,3.10.8,2,Intel(R) Xeon(R) Gold 5120 CPU @ 2.20GHz,1,1 x NVIDIA GeForce RTX 2080 Ti,770.0,machine,N
2022-12-23T12:23:04,"module:Conv2d,rep_no:1,macs:35297020928,batch_size:236,image_size:13,kernel_size:3,in_channels:384,out_channels:256,stride:1,padding:1,freeText:architecture=alexnet;layer_idx=8,forward_passes:39",c8f1cb83-f0be-4444-9228-db4046e1b319,30.05143451690674,0.0009656199764228,0.0321322423353717,75.99595050668086,30.53,288.75,0.0006335209357052,0.0002563411639596,0.0023181776891152,0.00320803978878,Linux-5.4.0-94-generic-x86_64-with-glibc2.31,3.10.8,2,Intel(R) Xeon(R) Gold 5120 CPU @ 2.20GHz,1,1 x NVIDIA GeForce RTX 2080 Ti,770.0,machine,N
2022-12-23T12:23:39,"module:Conv2d,rep_no:2,macs:35297020928,batch_size:236,image_size:13,kernel_size:3,in_channels:384,out_channels:256,stride:1,padding:1,freeText:architecture=alexnet;layer_idx=8,forward_passes:40",058e5add-1e27-444a-98f8-1e9e1dcf7299,30.753677368164062,0.0009873192279433,0.0321041030678628,76.32099076804502,30.84,288.75,0.0006488888827218,0.000262024506838,0.0023692169358332,0.0032801303253931,Linux-5.4.0-94-generic-x86_64-with-glibc2.31,3.10.8,2,Intel(R) Xeon(R) Gold 5120 CPU @ 2.20GHz,1,1 x NVIDIA GeForce RTX 2080 Ti,770.0,machine,N
2022-12-23T12:24:15,"module:Conv2d,rep_no:3,macs:35297020928,batch_size:236,image_size:13,kernel_size:3,in_channels:384,out_channels:256,stride:1,padding:1,freeText:architecture=alexnet;layer_idx=8,forward_passes:40",9c183493-8b5d-4021-a253-a8a55c96ea54,30.770487546920776,0.0009875617501963,0.0320944459749131,76.41973566906287,30.631,288.75,0.0006493055486106,0.0002631992376199,0.0023684312609334,0.003280936047164,Linux-5.4.0-94-generic-x86_64-with-glibc2.31,3.10.8,2,Intel(R) Xeon(R) Gold 5120 CPU @ 2.20GHz,1,1 x NVIDIA GeForce RTX 2080 Ti,770.0,machine,N
2022-12-23T12:24:49,"module:Conv2d,rep_no:1,macs:22936409600,batch_size:230,image_size:13,kernel_size:3,in_channels:256,out_channels:256,stride:1,padding:1,freeText:architecture=alexnet;layer_idx=10,forward_passes:58",719afd2c-e21f-4c2f-ad87-ed81cdb63cd9,30.203181266784668,0.001041738569313,0.0344910213302167,75.119126819813,30.393,288.75,0.0006377114832243,0.0002570027092888,0.0025662112869322,0.0034609254794454,Linux-5.4.0-94-generic-x86_64-with-glibc2.31,3.10.8,2,Intel(R) Xeon(R) Gold 5120 CPU @ 2.20GHz,1,1 x NVIDIA GeForce RTX 2080 Ti,770.0,machine,N
2022-12-23T12:25:24,"module:Conv2d,rep_no:2,macs:22936409600,batch_size:230,image_size:13,kernel_size:3,in_channels:256,out_channels:256,stride:1,padding:1,freeText:architecture=alexnet;layer_idx=10,forward_passes:61",a19f52d1-5524-40c7-8461-d479e92da2ce,30.03755497932434,0.0009668215891356,0.0321870934502207,76.12216158110095,30.384,288.75,0.0006340734383694,0.0002541733233138,0.0023237850959102,0.0032120318575935,Linux-5.4.0-94-generic-x86_64-with-glibc2.31,3.10.8,2,Intel(R) Xeon(R) Gold 5120 CPU @ 2.20GHz,1,1 x NVIDIA GeForce RTX 2080 Ti,770.0,machine,N
2022-12-23T12:25:59,"module:Conv2d,rep_no:3,macs:22936409600,batch_size:230,image_size:13,kernel_size:3,in_channels:256,out_channels:256,stride:1,padding:1,freeText:architecture=alexnet;layer_idx=10,forward_passes:58",7d9ac7f8-408e-4f1d-8fed-49a98184664e,30.170159816741943,0.0009698645102979,0.0321464823583638,75.92066653735911,30.276,288.75,0.0006367381102234,0.0002538378442139,0.0023315652757883,0.0032221412302256,Linux-5.4.0-94-generic-x86_64-with-glibc2.31,3.10.8,2,Intel(R) Xeon(R) Gold 5120 CPU @ 2.20GHz,1,1 x NVIDIA GeForce RTX 2080 Ti,770.0,machine,N
2022-12-23T12:26:33,"module:Conv2d,rep_no:1,macs:2967207936,batch_size:33,image_size:224,kernel_size:3,in_channels:3,out_channels:64,stride:1,padding:1,freeText:architecture=vgg11;layer_idx=0,forward_passes:64",03fbe7a0-fb2d-488f-8cb0-dd3b9544edb0,30.110568523406982,0.0009674853553503,0.032131088943016,75.38755014130751,30.593000000000004,288.75,0.0006294035115779,0.0002558181935811,0.0023290153558055,0.0032142370609646,Linux-5.4.0-94-generic-x86_64-with-glibc2.31,3.10.8,2,Intel(R) Xeon(R) Gold 5120 CPU @ 2.20GHz,1,1 x NVIDIA GeForce RTX 2080 Ti,770.0,machine,N
2022-12-23T12:27:08,"module:Conv2d,rep_no:2,macs:2967207936,batch_size:33,image_size:224,kernel_size:3,in_channels:3,out_channels:64,stride:1,padding:1,freeText:architecture=vgg11;layer_idx=0,forward_passes:64",7c9ae18e-eb6d-4154-9b08-bba0d0b8c631,30.231475830078125,0.0010384395055773,0.0343496133438564,77.39369248157784,30.86,288.75,0.000631287663363,0.0002564034512801,0.0025622740201652,0.0034499651348083,Linux-5.4.0-94-generic-x86_64-with-glibc2.31,3.10.8,2,Intel(R) Xeon(R) Gold 5120 CPU @ 2.20GHz,1,1 x NVIDIA GeForce RTX 2080 Ti,770.0,machine,N
2022-12-23T12:27:43,"module:Conv2d,rep_no:3,macs:2967207936,batch_size:33,image_size:224,kernel_size:3,in_channels:3,out_channels:64,stride:1,padding:1,freeText:architecture=vgg11;layer_idx=0,forward_passes:64",2041d338-9c54-4c83-bbd7-919589980924,30.309749603271484,0.0010425514344226,0.0343965703467959,76.22604916222313,30.751,288.75,0.000631840572972,0.0002583148456235,0.0025734706093867,0.0034636260279823,Linux-5.4.0-94-generic-x86_64-with-glibc2.31,3.10.8,2,Intel(R) Xeon(R) Gold 5120 CPU @ 2.20GHz,1,1 x NVIDIA GeForce RTX 2080 Ti,770.0,machine,N
2022-12-23T12:28:22,"module:Conv2d,rep_no:1,macs:124144254976,batch_size:134,image_size:112,kernel_size:3,in_channels:64,out_channels:128,stride:1,padding:1,freeText:architecture=vgg11;layer_idx=3,forward_passes:9",2416c9a2-1aae-4533-ba52-3fdf3e3c42fc,33.34555959701538,0.0010692575333651,0.0320659645928048,73.38841400482788,30.616,288.75,0.0006998842932403,0.0002829495148571,0.002569516801089,0.0035523506091865,Linux-5.4.0-94-generic-x86_64-with-glibc2.31,3.10.8,2,Intel(R) Xeon(R) Gold 5120 CPU @ 2.20GHz,1,1 x NVIDIA GeForce RTX 2080 Ti,770.0,machine,N
2022-12-23T12:29:00,"module:Conv2d,rep_no:2,macs:124144254976,batch_size:134,image_size:112,kernel_size:3,in_channels:64,out_channels:128,stride:1,padding:1,freeText:architecture=vgg11;layer_idx=3,forward_passes:9",baf2d91a-3f8e-4516-a6b7-49a5eb4edab3,33.308247327804565,0.0011402385935917,0.0342329208249854,75.40310132939001,30.675,288.75,0.0006999271874413,0.0002821392649662,0.0028061016326149,0.0037881680850224,Linux-5.4.0-94-generic-x86_64-with-glibc2.31,3.10.8,2,Intel(R) Xeon(R) Gold 5120 CPU @ 2.20GHz,1,1 x NVIDIA GeForce RTX 2080 Ti,770.0,machine,N
2022-12-23T12:29:39,"module:Conv2d,rep_no:3,macs:124144254976,batch_size:134,image_size:112,kernel_size:3,in_channels:64,out_channels:128,stride:1,padding:1,freeText:architecture=vgg11;layer_idx=3,forward_passes:9",3a1db9a8-658c-4080-9f80-1f137474136b,33.37183952331543,0.0011401273039021,0.0341643529451099,148.6123697228142,30.496,288.75,0.000699808559013,0.0002845383237773,0.0028034514690438,0.0037877983518342,Linux-5.4.0-94-generic-x86_64-with-glibc2.31,3.10.8,2,Intel(R) Xeon(R) Gold 5120 CPU @ 2.20GHz,1,1 x NVIDIA GeForce RTX 2080 Ti,770.0,machine,N
2022-12-23T12:30:15,"module:Conv2d,rep_no:1,macs:122185383936,batch_size:132,image_size:56,kernel_size:3,in_channels:128,out_channels:256,stride:1,padding:1,freeText:architecture=vgg11;layer_idx=6,forward_passes:10",03c6e642-a3e1-43e8-a00b-8ed68a6ce115,31.472904443740845,0.0010083581591833,0.0320389292632917,75.43389509747162,31.079000000000004,288.75,0.0006596823208009,0.0002674077090849,0.0024229370770355,0.0033500271069214,Linux-5.4.0-94-generic-x86_64-with-glibc2.31,3.10.8,2,Intel(R) Xeon(R) Gold 5120 CPU @ 2.20GHz,1,1 x NVIDIA GeForce RTX 2080 Ti,770.0,machine,N
2022-12-23T12:30:52,"module:Conv2d,rep_no:2,macs:122185383936,batch_size:132,image_size:56,kernel_size:3,in_channels:128,out_channels:256,stride:1,padding:1,freeText:architecture=vgg11;layer_idx=6,forward_passes:10",cf0d9a53-de4f-4f23-80d7-06093261deb3,31.213043451309204,0.0009998010612636,0.0320315147359245,75.50269449791651,30.389,288.75,0.0006559167125107,0.0002630123087906,0.0024026691888769,0.0033215982101782,Linux-5.4.0-94-generic-x86_64-with-glibc2.31,3.10.8,2,Intel(R) Xeon(R) Gold 5120 CPU @ 2.20GHz,1,1 x NVIDIA GeForce RTX 2080 Ti,770.0,machine,N
2022-12-23T12:31:28,"module:Conv2d,rep_no:3,macs:122185383936,batch_size:132,image_size:56,kernel_size:3,in_channels:128,out_channels:256,stride:1,padding:1,freeText:architecture=vgg11;layer_idx=6,forward_passes:10",573b913a-caf3-40bd-955f-975defc94bc7,31.41982388496399,0.0010055577810807,0.0320039279902505,75.59350452382294,30.883,288.75,0.0006587243080901,0.0002671240805308,0.0024148751365641,0.0033407235251851,Linux-5.4.0-94-generic-x86_64-with-glibc2.31,3.10.8,2,Intel(R) Xeon(R) Gold 5120 CPU @ 2.20GHz,1,1 x NVIDIA GeForce RTX 2080 Ti,770.0,machine,N
2022-12-23T12:32:12,"module:Conv2d,rep_no:1,macs:386752593920,batch_size:209,image_size:56,kernel_size:3,in_channels:256,out_channels:256,stride:1,padding:1,freeText:architecture=vgg11;layer_idx=8,forward_passes:4",8af68aa8-79e7-427b-a8a4-e367f53f07d1,38.018399715423584,0.0012184077091768,0.0320478431048367,75.8711926758828,30.355,288.75,0.0007972252608352,0.0003214328758996,0.0029292080067098,0.0040478661434447,Linux-5.4.0-94-generic-x86_64-with-glibc2.31,3.10.8,2,Intel(R) Xeon(R) Gold 5120 CPU @ 2.20GHz,1,1 x NVIDIA GeForce RTX 2080 Ti,770.0,machine,N
2022-12-23T12:32:55,"module:Conv2d,rep_no:2,macs:386752593920,batch_size:209,image_size:56,kernel_size:3,in_channels:256,out_channels:256,stride:1,padding:1,freeText:architecture=vgg11;layer_idx=8,forward_passes:4",8559f149-6b16-4eb2-8a8c-01ab6ea25059,37.357425928115845,0.0011980706677063,0.0320704823188766,75.5173004497803,30.52,288.75,0.0007849502654597,0.0003157153161707,0.0028796356399854,0.0039803012216158,Linux-5.4.0-94-generic-x86_64-with-glibc2.31,3.10.8,2,Intel(R) Xeon(R) Gold 5120 CPU @ 2.20GHz,1,1 x NVIDIA GeForce RTX 2080 Ti,770.0,machine,N
2022-12-23T12:33:38,"module:Conv2d,rep_no:3,macs:386752593920,batch_size:209,image_size:56,kernel_size:3,in_channels:256,out_channels:256,stride:1,padding:1,freeText:architecture=vgg11;layer_idx=8,forward_passes:4",611de32e-5343-4ca6-9c9e-04f6382cbeac,37.37809634208679,0.0011976815475978,0.0320423366839386,74.84545987222099,30.234000000000005,288.75,0.0007852100367786,0.0003170653571346,0.0028767330698668,0.0039790084637802,Linux-5.4.0-94-generic-x86_64-with-glibc2.31,3.10.8,2,Intel(R) Xeon(R) Gold 5120 CPU @ 2.20GHz,1,1 x NVIDIA GeForce RTX 2080 Ti,770.0,machine,N
2022-12-23T12:34:13,"module:Conv2d,rep_no:1,macs:118431416320,batch_size:128,image_size:28,kernel_size:3,in_channels:256,out_channels:512,stride:1,padding:1,freeText:architecture=vgg11;layer_idx=11,forward_passes:11",7539bb1b-b88d-43fd-a333-214754225a4a,30.103413343429565,0.0009655403281282,0.0320741145568144,75.29669212380108,30.702000000000005,288.75,0.0006295363302953,0.0002533350265006,0.00232490381971,0.0032077751765059,Linux-5.4.0-94-generic-x86_64-with-glibc2.31,3.10.8,2,Intel(R) Xeon(R) Gold 5120 CPU @ 2.20GHz,1,1 x NVIDIA GeForce RTX 2080 Ti,770.0,machine,N
2022-12-23T12:34:48,"module:Conv2d,rep_no:2,macs:118431416320,batch_size:128,image_size:28,kernel_size:3,in_channels:256,out_channels:512,stride:1,padding:1,freeText:architecture=vgg11;layer_idx=11,forward_passes:11",22cdea48-5517-44aa-bdf3-de89bb1a755f,30.08116793632508,0.0009655837308572,0.0320992766271948,75.46261897337061,30.617,288.75,0.0006288515850253,0.0002571148612191,0.0023219529253741,0.0032079193716186,Linux-5.4.0-94-generic-x86_64-with-glibc2.31,3.10.8,2,Intel(R) Xeon(R) Gold 5120 CPU @ 2.20GHz,1,1 x NVIDIA GeForce RTX 2080 Ti,770.0,machine,N
2022-12-23T12:35:23,"module:Conv2d,rep_no:3,macs:118431416320,batch_size:128,image_size:28,kernel_size:3,in_channels:256,out_channels:512,stride:1,padding:1,freeText:architecture=vgg11;layer_idx=11,forward_passes:11",1d09dfa5-7860-4752-9872-69fefcf3870d,30.04516696929932,0.0009648273005198,0.0321125624465906,75.40900092650662,30.68200000000001,288.75,0.0006289637537261,0.0002558118864775,0.0023206306738158,0.0032054063140194,Linux-5.4.0-94-generic-x86_64-with-glibc2.31,3.10.8,2,Intel(R) Xeon(R) Gold 5120 CPU @ 2.20GHz,1,1 x NVIDIA GeForce RTX 2080 Ti,770.0,machine,N
2022-12-23T12:35:59,"module:Conv2d,rep_no:1,macs:118405726208,batch_size:64,image_size:28,kernel_size:3,in_channels:512,out_channels:512,stride:1,padding:1,freeText:architecture=vgg11;layer_idx=13,forward_passes:12",c2c3c5d2-bb51-4bfe-b63b-a97fe33f46a5,31.59114408493042,0.0010139347093938,0.0320955362258471,75.64389566650546,30.757,288.75,0.0006620102657188,0.0002704944297002,0.0024360491563876,0.0033685538518067,Linux-5.4.0-94-generic-x86_64-with-glibc2.31,3.10.8,2,Intel(R) Xeon(R) Gold 5120 CPU @ 2.20GHz,1,1 x NVIDIA GeForce RTX 2080 Ti,770.0,machine,N
2022-12-23T12:36:35,"module:Conv2d,rep_no:2,macs:118405726208,batch_size:64,image_size:28,kernel_size:3,in_channels:512,out_channels:512,stride:1,padding:1,freeText:architecture=vgg11;layer_idx=13,forward_passes:12",18e4a0f7-7b46-43a9-9460-d261f09e205d,31.52005720138549,0.0010122719064741,0.0321151671777308,75.3750054853365,30.911,288.75,0.0006604538208626,0.0002697589613234,0.0024328168074289,0.003363029589615,Linux-5.4.0-94-generic-x86_64-with-glibc2.31,3.10.8,2,Intel(R) Xeon(R) Gold 5120 CPU @ 2.20GHz,1,1 x NVIDIA GeForce RTX 2080 Ti,770.0,machine,N
2022-12-23T12:37:12,"module:Conv2d,rep_no:3,macs:118405726208,batch_size:64,image_size:28,kernel_size:3,in_channels:512,out_channels:512,stride:1,padding:1,freeText:architecture=vgg11;layer_idx=13,forward_passes:12",6ae3365a-f22a-46b5-b697-cdd28adeebd8,31.54862403869629,0.0010122534462264,0.0320855022071613,75.7016199255969,30.968,288.75,0.0006612589578956,0.0002716773425288,0.0024300319594641,0.0033629682598886,Linux-5.4.0-94-generic-x86_64-with-glibc2.31,3.10.8,2,Intel(R) Xeon(R) Gold 5120 CPU @ 2.20GHz,1,1 x NVIDIA GeForce RTX 2080 Ti,770.0,machine,N
2022-12-23T12:37:47,"module:Conv2d,rep_no:1,macs:68915832832,batch_size:149,image_size:14,kernel_size:3,in_channels:512,out_channels:512,stride:1,padding:1,freeText:architecture=vgg11;layer_idx=16,forward_passes:21",1dc02198-053a-41ec-b7a2-0eb164616fbf,31.11017370223999,0.0009990707626947,0.0321139564265051,75.7647591759208,30.599,288.75,0.0006539194256351,0.0002656149486313,0.002399637594819,0.0033191719690855,Linux-5.4.0-94-generic-x86_64-with-glibc2.31,3.10.8,2,Intel(R) Xeon(R) Gold 5120 CPU @ 2.20GHz,1,1 x NVIDIA GeForce RTX 2080 Ti,770.0,machine,N
2022-12-23T12:38:23,"module:Conv2d,rep_no:2,macs:68915832832,batch_size:149,image_size:14,kernel_size:3,in_channels:512,out_channels:512,stride:1,padding:1,freeText:architecture=vgg11;layer_idx=16,forward_passes:21",71af0e23-364b-44b9-a6be-5465377d62c2,31.037649631500244,0.0009985660190254,0.032172733144457,76.17472641734051,30.732,288.75,0.0006539046920122,0.0002639389860681,0.0023996514017383,0.0033174950798186,Linux-5.4.0-94-generic-x86_64-with-glibc2.31,3.10.8,2,Intel(R) Xeon(R) Gold 5120 CPU @ 2.20GHz,1,1 x NVIDIA GeForce RTX 2080 Ti,770.0,machine,N
2022-12-23T12:38:59,"module:Conv2d,rep_no:3,macs:68915832832,batch_size:149,image_size:14,kernel_size:3,in_channels:512,out_channels:512,stride:1,padding:1,freeText:architecture=vgg11;layer_idx=16,forward_passes:21",09d8bddb-c949-4c85-a4c5-495584d9d270,31.03713774681092,0.0009952462008658,0.0320663009902734,76.68765888141427,30.837,288.75,0.0006529702968202,0.0002634790964038,0.0023900163903832,0.0033064657836073,Linux-5.4.0-94-generic-x86_64-with-glibc2.31,3.10.8,2,Intel(R) Xeon(R) Gold 5120 CPU @ 2.20GHz,1,1 x NVIDIA GeForce RTX 2080 Ti,770.0,machine,N
2022-12-23T12:39:33,"module:Conv2d,rep_no:1,macs:28676386816,batch_size:62,image_size:14,kernel_size:3,in_channels:512,out_channels:512,stride:1,padding:1,freeText:architecture=vgg11;layer_idx=18,forward_passes:51",f4c6be94-ddb1-4672-a314-7790e23aade6,30.084535598754883,0.0009662803764472,0.0321188397033883,75.66544665270865,30.568,288.75,0.0006319505886156,0.0002551353843484,0.0023231478358308,0.0032102338087949,Linux-5.4.0-94-generic-x86_64-with-glibc2.31,3.10.8,2,Intel(R) Xeon(R) Gold 5120 CPU @ 2.20GHz,1,1 x NVIDIA GeForce RTX 2080 Ti,770.0,machine,N
2022-12-23T12:40:08,"module:Conv2d,rep_no:2,macs:28676386816,batch_size:62,image_size:14,kernel_size:3,in_channels:512,out_channels:512,stride:1,padding:1,freeText:architecture=vgg11;layer_idx=18,forward_passes:52",4907afd7-c511-479f-b117-ea45ffa02d3a,30.60206961631775,0.0009789827324234,0.0319907360743157,75.85268025554907,30.17,288.75,0.0006420103513856,0.0002576523044862,0.0023527716711163,0.0032524343269882,Linux-5.4.0-94-generic-x86_64-with-glibc2.31,3.10.8,2,Intel(R) Xeon(R) Gold 5120 CPU @ 2.20GHz,1,1 x NVIDIA GeForce RTX 2080 Ti,770.0,machine,N
2022-12-23T12:40:44,"module:Conv2d,rep_no:3,macs:28676386816,batch_size:62,image_size:14,kernel_size:3,in_channels:512,out_channels:512,stride:1,padding:1,freeText:architecture=vgg11;layer_idx=18,forward_passes:52",cc99b71a-dc02-4d0c-b6db-2f946bde6c30,30.585871696472168,0.0009799847340823,0.0320404382718759,75.95807694853866,31.074,288.75,0.0006415811054866,0.0002609403741088,0.0023532417565584,0.0032557632361539,Linux-5.4.0-94-generic-x86_64-with-glibc2.31,3.10.8,2,Intel(R) Xeon(R) Gold 5120 CPU @ 2.20GHz,1,1 x NVIDIA GeForce RTX 2080 Ti,770.0,machine,N
2022-12-23T12:41:18,"module:Conv2d,rep_no:1,macs:269746176,batch_size:3,image_size:224,kernel_size:3,in_channels:3,out_channels:64,stride:1,padding:1,freeText:architecture=vgg13;layer_idx=0,forward_passes:1117",2dae470d-8c61-437c-a648-c9ea00eee4ac,30.044415950775143,0.0009663798165479,0.0321650391916856,76.37127092995405,30.597,288.75,0.0006351408736678,0.0002564344648502,0.0023189888360599,0.003210564174578,Linux-5.4.0-94-generic-x86_64-with-glibc2.31,3.10.8,2,Intel(R) Xeon(R) Gold 5120 CPU @ 2.20GHz,1,1 x NVIDIA GeForce RTX 2080 Ti,770.0,machine,N
2022-12-23T12:41:53,"module:Conv2d,rep_no:2,macs:269746176,batch_size:3,image_size:224,kernel_size:3,in_channels:3,out_channels:64,stride:1,padding:1,freeText:architecture=vgg13;layer_idx=0,forward_passes:1133",774f610e-e739-44c3-a5b2-22fd142c5c10,30.061492919921875,0.0009694879653804,0.0322501602951995,76.55956522645987,30.831,288.75,0.0006382890109085,0.0002577882356868,0.002324813003838,0.0032208902504335,Linux-5.4.0-94-generic-x86_64-with-glibc2.31,3.10.8,2,Intel(R) Xeon(R) Gold 5120 CPU @ 2.20GHz,1,1 x NVIDIA GeForce RTX 2080 Ti,770.0,machine,N
2022-12-23T12:42:27,"module:Conv2d,rep_no:3,macs:269746176,batch_size:3,image_size:224,kernel_size:3,in_channels:3,out_channels:64,stride:1,padding:1,freeText:architecture=vgg13;layer_idx=0,forward_passes:1132",cd62a285-cb62-41da-a992-b73628cbe01a,30.05132293701172,0.000968643340607,0.0322329683334524,76.26881166668652,31.117,288.75,0.0006365179769917,0.0002596688384681,0.0023218973726034,0.0032180841880632,Linux-5.4.0-94-generic-x86_64-with-glibc2.31,3.10.8,2,Intel(R) Xeon(R) Gold 5120 CPU @ 2.20GHz,1,1 x NVIDIA GeForce RTX 2080 Ti,770.0,machine,N
2022-12-23T12:43:06,"module:Conv2d,rep_no:1,macs:92644966400,batch_size:50,image_size:224,kernel_size:3,in_channels:64,out_channels:64,stride:1,padding:1,freeText:architecture=vgg13;layer_idx=2,forward_passes:11",e4f13551-3a27-46d3-9b81-2712a8ff711a,32.7761709690094,0.0010519982105367,0.0320964340688664,75.73740019864009,31.493,288.75,0.0006897627834764,0.0002825349316049,0.0025227129511535,0.0034950106662348,Linux-5.4.0-94-generic-x86_64-with-glibc2.31,3.10.8,2,Intel(R) Xeon(R) Gold 5120 CPU @ 2.20GHz,1,1 x NVIDIA GeForce RTX 2080 Ti,770.0,machine,N
2022-12-23T12:43:44,"module:Conv2d,rep_no:2,macs:92644966400,batch_size:50,image_size:224,kernel_size:3,in_channels:64,out_channels:64,stride:1,padding:1,freeText:architecture=vgg13;layer_idx=2,forward_passes:11",9ade3e0d-b841-4f4e-9d3d-2b017d98f856,32.628899574279785,0.0010480740385226,0.0321210354071777,75.5311680791956,30.921,288.75,0.0006854233777827,0.0002789294690452,0.0025176207030812,0.0034819735499092,Linux-5.4.0-94-generic-x86_64-with-glibc2.31,3.10.8,2,Intel(R) Xeon(R) Gold 5120 CPU @ 2.20GHz,1,1 x NVIDIA GeForce RTX 2080 Ti,770.0,machine,N
2022-12-23T12:44:23,"module:Conv2d,rep_no:3,macs:92644966400,batch_size:50,image_size:224,kernel_size:3,in_channels:64,out_channels:64,stride:1,padding:1,freeText:architecture=vgg13;layer_idx=2,forward_passes:11",2e565aeb-2f75-4dbd-a613-64745884d097,32.68567442893982,0.0010493869155499,0.0321054080689489,75.64857258225692,30.674,288.75,0.0006851725409153,0.0002794338149448,0.0025217289117475,0.0034863352676077,Linux-5.4.0-94-generic-x86_64-with-glibc2.31,3.10.8,2,Intel(R) Xeon(R) Gold 5120 CPU @ 2.20GHz,1,1 x NVIDIA GeForce RTX 2080 Ti,770.0,machine,N
2022-12-23T12:44:58,"module:Conv2d,rep_no:1,macs:38910885888,batch_size:42,image_size:112,kernel_size:3,in_channels:64,out_channels:128,stride:1,padding:1,freeText:architecture=vgg13;layer_idx=5,forward_passes:26",8b1ef4b1-5c45-40be-8377-4a03f8f998da,30.430534601211548,0.0009757221357596,0.032063917001339,74.40625225509231,31.007000000000005,288.75,0.0006381018363143,0.0002609689524808,0.002342530991137,0.0032416017799323,Linux-5.4.0-94-generic-x86_64-with-glibc2.31,3.10.8,2,Intel(R) Xeon(R) Gold 5120 CPU @ 2.20GHz,1,1 x NVIDIA GeForce RTX 2080 Ti,770.0,machine,N
2022-12-23T12:45:33,"module:Conv2d,rep_no:2,macs:38910885888,batch_size:42,image_size:112,kernel_size:3,in_channels:64,out_channels:128,stride:1,padding:1,freeText:architecture=vgg13;layer_idx=5,forward_passes:26",ab2c923b-2ccb-444c-8da4-1aff086fd75a,30.413347721099854,0.000974937298119,0.0320562309371368,74.60349603253866,30.981,288.75,0.000638075964627,0.0002602991895076,0.0023406191917757,0.0032389943459103,Linux-5.4.0-94-generic-x86_64-with-glibc2.31,3.10.8,2,Intel(R) Xeon(R) Gold 5120 CPU @ 2.20GHz,1,1 x NVIDIA GeForce RTX 2080 Ti,770.0,machine,N
2022-12-23T12:46:08,"module:Conv2d,rep_no:3,macs:38910885888,batch_size:42,image_size:112,kernel_size:3,in_channels:64,out_channels:128,stride:1,padding:1,freeText:architecture=vgg13;layer_idx=5,forward_passes:26",f1bda6ca-6102-4481-8265-8e40ef850e42,30.333523273468018,0.0010444506272487,0.0344322226545404,75.5585782234771,30.59,288.75,0.0006382354864213,0.0002606087122071,0.0025710914400716,0.0034699356387001,Linux-5.4.0-94-generic-x86_64-with-glibc2.31,3.10.8,2,Intel(R) Xeon(R) Gold 5120 CPU @ 2.20GHz,1,1 x NVIDIA GeForce RTX 2080 Ti,770.0,machine,N
2022-12-23T12:46:49,"module:Conv2d,rep_no:1,macs:181426782208,batch_size:98,image_size:112,kernel_size:3,in_channels:128,out_channels:128,stride:1,padding:1,freeText:architecture=vgg13;layer_idx=7,forward_passes:7",a2906f52-8019-4cb2-98fd-3d182e7e751a,34.41200613975525,0.0011041740394883,0.0320868837173866,75.49546096614506,30.876,288.75,0.0007211621963737,0.0002938784117926,0.0026533116824924,0.0036683522906588,Linux-5.4.0-94-generic-x86_64-with-glibc2.31,3.10.8,2,Intel(R) Xeon(R) Gold 5120 CPU @ 2.20GHz,1,1 x NVIDIA GeForce RTX 2080 Ti,770.0,machine,N
2022-12-23T12:47:28,"module:Conv2d,rep_no:2,macs:181426782208,batch_size:98,image_size:112,kernel_size:3,in_channels:128,out_channels:128,stride:1,padding:1,freeText:architecture=vgg13;layer_idx=7,forward_passes:7",678d7c48-7c04-4ad0-8a72-8c3e6f99060a,34.366421937942505,0.0011014787806792,0.032051017201275,75.21785512173736,30.104,288.75,0.0007210153562562,0.0002886762880869,0.0026497062981128,0.003659397942456,Linux-5.4.0-94-generic-x86_64-with-glibc2.31,3.10.8,2,Intel(R) Xeon(R) Gold 5120 CPU @ 2.20GHz,1,1 x NVIDIA GeForce RTX 2080 Ti,770.0,machine,N
2022-12-23T12:48:08,"module:Conv2d,rep_no:3,macs:181426782208,batch_size:98,image_size:112,kernel_size:3,in_channels:128,out_channels:128,stride:1,padding:1,freeText:architecture=vgg13;layer_idx=7,forward_passes:7",b0ff4f4c-7e04-4346-83aa-7b9bf31fb85e,34.302027225494385,0.0011004373911889,0.0320808267090126,75.30369511960268,30.963,288.75,0.0007198621497781,0.0002927798492439,0.0026432961776852,0.0036559381767073,Linux-5.4.0-94-generic-x86_64-with-glibc2.31,3.10.8,2,Intel(R) Xeon(R) Gold 5120 CPU @ 2.20GHz,1,1 x NVIDIA GeForce RTX 2080 Ti,770.0,machine,N
2022-12-23T12:48:43,"module:Conv2d,rep_no:1,macs:19438583808,batch_size:21,image_size:56,kernel_size:3,in_channels:128,out_channels:256,stride:1,padding:1,freeText:architecture=vgg13;layer_idx=10,forward_passes:62",c400874e-b087-403b-98d6-fbec88f6f2d2,30.207094192504883,0.0010405781603032,0.034448138363517,75.70872319062305,30.39700000000001,288.75,0.0006354444041884,0.0002576127775253,0.0025640131182968,0.0034570703000106,Linux-5.4.0-94-generic-x86_64-with-glibc2.31,3.10.8,2,Intel(R) Xeon(R) Gold 5120 CPU @ 2.20GHz,1,1 x NVIDIA GeForce RTX 2080 Ti,770.0,machine,N
2022-12-23T12:49:17,"module:Conv2d,rep_no:2,macs:19438583808,batch_size:21,image_size:56,kernel_size:3,in_channels:128,out_channels:256,stride:1,padding:1,freeText:architecture=vgg13;layer_idx=10,forward_passes:62",10fa6e4e-714d-48d0-9eda-c23b8aa8b476,30.13644433021545,0.0009683005335572,0.0321305500724396,76.08060202254275,30.739,288.75,0.0006346978438689,0.0002552518058711,0.00232699564447,0.0032169452942102,Linux-5.4.0-94-generic-x86_64-with-glibc2.31,3.10.8,2,Intel(R) Xeon(R) Gold 5120 CPU @ 2.20GHz,1,1 x NVIDIA GeForce RTX 2080 Ti,770.0,machine,N
2022-12-23T12:49:52,"module:Conv2d,rep_no:3,macs:19438583808,batch_size:21,image_size:56,kernel_size:3,in_channels:128,out_channels:256,stride:1,padding:1,freeText:architecture=vgg13;layer_idx=10,forward_passes:62",177e0d8f-e5a6-4036-81fc-76e454166841,30.191075563430783,0.0010407632874387,0.034472547533199,76.0967541042933,30.025,288.75,0.0006372722687062,0.0002528671413256,0.0025675459302961,0.0034576853403281,Linux-5.4.0-94-generic-x86_64-with-glibc2.31,3.10.8,2,Intel(R) Xeon(R) Gold 5120 CPU @ 2.20GHz,1,1 x NVIDIA GeForce RTX 2080 Ti,770.0,machine,N
2022-12-23T12:50:28,"module:Conv2d,rep_no:1,macs:64767180800,batch_size:35,image_size:56,kernel_size:3,in_channels:256,out_channels:256,stride:1,padding:1,freeText:architecture=vgg13;layer_idx=12,forward_passes:20",fd72d05f-1f8a-4d24-b20c-51985723489c,31.49090933799744,0.0010082382383044,0.0320168029282006,75.738355658785,30.087,288.75,0.0006618048483323,0.0002641831750076,0.002423640675346,0.003349628698686,Linux-5.4.0-94-generic-x86_64-with-glibc2.31,3.10.8,2,Intel(R) Xeon(R) Gold 5120 CPU @ 2.20GHz,1,1 x NVIDIA GeForce RTX 2080 Ti,770.0,machine,N
2022-12-23T12:51:04,"module:Conv2d,rep_no:2,macs:64767180800,batch_size:35,image_size:56,kernel_size:3,in_channels:256,out_channels:256,stride:1,padding:1,freeText:architecture=vgg13;layer_idx=12,forward_passes:20",e4c8eafc-79c6-41c1-b1b6-f9268918fcbb,31.38712811470032,0.0010048977333608,0.032016237028396,75.65893320480349,30.338,288.75,0.000658980180517,0.0002631357149307,0.0024164147801697,0.0033385306756175,Linux-5.4.0-94-generic-x86_64-with-glibc2.31,3.10.8,2,Intel(R) Xeon(R) Gold 5120 CPU @ 2.20GHz,1,1 x NVIDIA GeForce RTX 2080 Ti,770.0,machine,N
2022-12-23T12:51:41,"module:Conv2d,rep_no:3,macs:64767180800,batch_size:35,image_size:56,kernel_size:3,in_channels:256,out_channels:256,stride:1,padding:1,freeText:architecture=vgg13;layer_idx=12,forward_passes:20",dbefd1b1-1bf2-45de-85d7-bc858b4b4e9c,31.37195086479187,0.0010058380958366,0.0320617005991009,75.74312897285586,30.618,288.75,0.0006619989737654,0.0002638325861202,0.0024158232435584,0.003341654803444,Linux-5.4.0-94-generic-x86_64-with-glibc2.31,3.10.8,2,Intel(R) Xeon(R) Gold 5120 CPU @ 2.20GHz,1,1 x NVIDIA GeForce RTX 2080 Ti,770.0,machine,N
2022-12-23T12:52:17,"module:Conv2d,rep_no:1,macs:168394670080,batch_size:182,image_size:28,kernel_size:3,in_channels:256,out_channels:512,stride:1,padding:1,freeText:architecture=vgg13;layer_idx=15,forward_passes:8",a34f0166-093a-4349-899c-af94b9e0cd89,31.187604665756226,0.0010012757315795,0.032104925732848,75.58145975381993,30.569,288.75,0.0006564537362736,0.0002628786104089,0.0024071651004254,0.003326497447108,Linux-5.4.0-94-generic-x86_64-with-glibc2.31,3.10.8,2,Intel(R) Xeon(R) Gold 5120 CPU @ 2.20GHz,1,1 x NVIDIA GeForce RTX 2080 Ti,770.0,machine,N
2022-12-23T12:52:52,"module:Conv2d,rep_no:2,macs:168394670080,batch_size:182,image_size:28,kernel_size:3,in_channels:256,out_channels:512,stride:1,padding:1,freeText:architecture=vgg13;layer_idx=15,forward_passes:8",50c39ee6-53c5-4da0-a4a9-642f354c80da,31.05409026145935,0.0009972636867028,0.0321137627380606,75.98795496706876,30.459,288.75,0.0006528906967565,0.0002642881126821,0.0023959895849227,0.0033131683943615,Linux-5.4.0-94-generic-x86_64-with-glibc2.31,3.10.8,2,Intel(R) Xeon(R) Gold 5120 CPU @ 2.20GHz,1,1 x NVIDIA GeForce RTX 2080 Ti,770.0,machine,N
2022-12-23T12:53:28,"module:Conv2d,rep_no:3,macs:168394670080,batch_size:182,image_size:28,kernel_size:3,in_channels:256,out_channels:512,stride:1,padding:1,freeText:architecture=vgg13;layer_idx=15,forward_passes:8",4d6263a8-36d9-4c75-a6aa-389aabc60f95,31.10073590278625,0.000996808309777,0.0320509557359932,75.49630613454129,30.531,288.75,0.0006529422542978,0.0002629392312129,0.0023957740286986,0.0033116555142093,Linux-5.4.0-94-generic-x86_64-with-glibc2.31,3.10.8,2,Intel(R) Xeon(R) Gold 5120 CPU @ 2.20GHz,1,1 x NVIDIA GeForce RTX 2080 Ti,770.0,machine,N
2022-12-23T12:54:09,"module:Conv2d,rep_no:1,macs:399619325952,batch_size:216,image_size:28,kernel_size:3,in_channels:512,out_channels:512,stride:1,padding:1,freeText:architecture=vgg13;layer_idx=17,forward_passes:4",d6a34ea8-f22d-40ca-9ae5-2b24da7af373,35.83854389190674,0.0011506548194038,0.0321066286307367,75.79290330075841,30.581,288.75,0.0007538160494412,0.0003018599878958,0.0027670974490543,0.0038227734863913,Linux-5.4.0-94-generic-x86_64-with-glibc2.31,3.10.8,2,Intel(R) Xeon(R) Gold 5120 CPU @ 2.20GHz,1,1 x NVIDIA GeForce RTX 2080 Ti,770.0,machine,N
2022-12-23T12:54:50,"module:Conv2d,rep_no:2,macs:399619325952,batch_size:216,image_size:28,kernel_size:3,in_channels:512,out_channels:512,stride:1,padding:1,freeText:architecture=vgg13;layer_idx=17,forward_passes:4",66425388-115d-43c0-b3a5-a065ab23d994,35.48537087440491,0.001141044913822,0.0321553610883943,75.35056852602307,30.39,288.75,0.0007456044617608,0.0003014557055918,0.0027437867224216,0.0037908468897743,Linux-5.4.0-94-generic-x86_64-with-glibc2.31,3.10.8,2,Intel(R) Xeon(R) Gold 5120 CPU @ 2.20GHz,1,1 x NVIDIA GeForce RTX 2080 Ti,770.0,machine,N
2022-12-23T12:55:31,"module:Conv2d,rep_no:3,macs:399619325952,batch_size:216,image_size:28,kernel_size:3,in_channels:512,out_channels:512,stride:1,padding:1,freeText:architecture=vgg13;layer_idx=17,forward_passes:4",f3dfca03-7881-4c48-94bb-cd20c0b74043,35.43091797828674,0.0011394691487214,0.0321603055675766,76.24380991074271,30.270000000000003,288.75,0.0007464881135788,0.0002992213067636,0.0027399023694296,0.0037856117897722,Linux-5.4.0-94-generic-x86_64-with-glibc2.31,3.10.8,2,Intel(R) Xeon(R) Gold 5120 CPU @ 2.20GHz,1,1 x NVIDIA GeForce RTX 2080 Ti,770.0,machine,N
2022-12-23T12:56:07,"module:Conv2d,rep_no:1,macs:92966995968,batch_size:201,image_size:14,kernel_size:3,in_channels:512,out_channels:512,stride:1,padding:1,freeText:architecture=vgg13;layer_idx=20,forward_passes:16",2955dde4-df5c-40c1-aa1c-349dbf8f4630,31.93912124633789,0.0010263504061871,0.0321345849897126,75.7716024028817,30.979,288.75,0.0006724182159896,0.0002691368484571,0.002468246949464,0.0034098020139109,Linux-5.4.0-94-generic-x86_64-with-glibc2.31,3.10.8,2,Intel(R) Xeon(R) Gold 5120 CPU @ 2.20GHz,1,1 x NVIDIA GeForce RTX 2080 Ti,770.0,machine,N
2022-12-23T12:56:44,"module:Conv2d,rep_no:2,macs:92966995968,batch_size:201,image_size:14,kernel_size:3,in_channels:512,out_channels:512,stride:1,padding:1,freeText:architecture=vgg13;layer_idx=20,forward_passes:16",afacde24-bc57-43dd-bde1-56b1f3b55f44,31.849400281906128,0.0010221393071198,0.0320928902294129,75.73812865998403,30.588,288.75,0.0006696677735115,0.000271017001417,0.0024551268766323,0.0033958116515609,Linux-5.4.0-94-generic-x86_64-with-glibc2.31,3.10.8,2,Intel(R) Xeon(R) Gold 5120 CPU @ 2.20GHz,1,1 x NVIDIA GeForce RTX 2080 Ti,770.0,machine,N
2022-12-23T12:57:20,"module:Conv2d,rep_no:3,macs:92966995968,batch_size:201,image_size:14,kernel_size:3,in_channels:512,out_channels:512,stride:1,padding:1,freeText:architecture=vgg13;layer_idx=20,forward_passes:16",91ec4ca4-033c-4cba-b796-7ea8ea7118ed,31.8304705619812,0.0010235516721382,0.0321563474892777,75.87765569027005,30.73,288.75,0.0006709826209523,0.0002705532427818,0.0024589680304129,0.0034005038941471,Linux-5.4.0-94-generic-x86_64-with-glibc2.31,3.10.8,2,Intel(R) Xeon(R) Gold 5120 CPU @ 2.20GHz,1,1 x NVIDIA GeForce RTX 2080 Ti,770.0,machine,N
2022-12-23T12:57:55,"module:Conv2d,rep_no:1,macs:52265027584,batch_size:113,image_size:14,kernel_size:3,in_channels:512,out_channels:512,stride:1,padding:1,freeText:architecture=vgg13;layer_idx=22,forward_passes:27",1c8d1fe6-a63f-489a-86c0-21bf372407b2,30.35475206375122,0.0009722844767094,0.0320307171235488,74.41553828523269,30.625,288.75,0.0006377629393766,0.0002565334613859,0.0023358845849831,0.0032301809857457,Linux-5.4.0-94-generic-x86_64-with-glibc2.31,3.10.8,2,Intel(R) Xeon(R) Gold 5120 CPU @ 2.20GHz,1,1 x NVIDIA GeForce RTX 2080 Ti,770.0,machine,N
2022-12-23T12:58:30,"module:Conv2d,rep_no:2,macs:52265027584,batch_size:113,image_size:14,kernel_size:3,in_channels:512,out_channels:512,stride:1,padding:1,freeText:architecture=vgg13;layer_idx=22,forward_passes:28",1abccb7b-9bb1-4c16-b753-631bed08203a,30.5189847946167,0.0009781192327157,0.032049533734435,75.54879806026071,30.101,288.75,0.000641722300044,0.0002583209737262,0.0023495222834249,0.0032495655571952,Linux-5.4.0-94-generic-x86_64-with-glibc2.31,3.10.8,2,Intel(R) Xeon(R) Gold 5120 CPU @ 2.20GHz,1,1 x NVIDIA GeForce RTX 2080 Ti,770.0,machine,N
2022-12-23T12:59:04,"module:Conv2d,rep_no:3,macs:52265027584,batch_size:113,image_size:14,kernel_size:3,in_channels:512,out_channels:512,stride:1,padding:1,freeText:architecture=vgg13;layer_idx=22,forward_passes:27",c701f993-5122-458a-8223-5e1b3dc5435c,30.26424121856689,0.0010425432750257,0.034448022915775,75.28622495820196,30.003,288.75,0.0006373287426403,0.0002553559136876,0.0025709142640233,0.0034635989203512,Linux-5.4.0-94-generic-x86_64-with-glibc2.31,3.10.8,2,Intel(R) Xeon(R) Gold 5120 CPU @ 2.20GHz,1,1 x NVIDIA GeForce RTX 2080 Ti,770.0,machine,N
2022-12-23T12:59:39,"module:Conv2d,rep_no:1,macs:7732723712,batch_size:86,image_size:224,kernel_size:3,in_channels:3,out_channels:64,stride:1,padding:1,freeText:architecture=vgg16;layer_idx=0,forward_passes:25",93579640-4f3f-46c8-94bb-f944157489fd,30.376567363739014,0.0009713290780854,0.03197626204615,73.31533237091777,30.38,288.75,0.0006387079823548,0.000256668894786,0.0023316300267974,0.0032270069039383,Linux-5.4.0-94-generic-x86_64-with-glibc2.31,3.10.8,2,Intel(R) Xeon(R) Gold 5120 CPU @ 2.20GHz,1,1 x NVIDIA GeForce RTX 2080 Ti,770.0,machine,N
2022-12-23T13:00:14,"module:Conv2d,rep_no:2,macs:7732723712,batch_size:86,image_size:224,kernel_size:3,in_channels:3,out_channels:64,stride:1,padding:1,freeText:architecture=vgg16;layer_idx=0,forward_passes:25",de4aafde-0951-41d1-8c48-861540de2f0a,30.456830978393555,0.000975414695447,0.0320261387712659,73.37003180842818,30.981,288.75,0.0006388153363296,0.0002584873159258,0.0023432777312894,0.0032405803835449,Linux-5.4.0-94-generic-x86_64-with-glibc2.31,3.10.8,2,Intel(R) Xeon(R) Gold 5120 CPU @ 2.20GHz,1,1 x NVIDIA GeForce RTX 2080 Ti,770.0,machine,N
2022-12-23T13:00:49,"module:Conv2d,rep_no:3,macs:7732723712,batch_size:86,image_size:224,kernel_size:3,in_channels:3,out_channels:64,stride:1,padding:1,freeText:architecture=vgg16;layer_idx=0,forward_passes:25",81c181a6-e1e4-4be3-af67-914087eaa5ef,30.27066802978516,0.0010498268466327,0.0346813240328824,0.0,30.814,288.75,0.0006357174005179,0.000284260193695,0.0025678192384541,0.003487796832667,Linux-5.4.0-94-generic-x86_64-with-glibc2.31,3.10.8,2,Intel(R) Xeon(R) Gold 5120 CPU @ 2.20GHz,1,1 x NVIDIA GeForce RTX 2080 Ti,770.0,machine,N
2022-12-23T13:01:39,"module:Conv2d,rep_no:1,macs:385403060224,batch_size:208,image_size:224,kernel_size:3,in_channels:64,out_channels:64,stride:1,padding:1,freeText:architecture=vgg16;layer_idx=2,forward_passes:3",3453206e-dded-45bf-926f-cbeacffe8fcc,38.94640326499939,0.0012519185513634,0.0321446512748595,75.5754149893801,31.135,288.75,0.0008207382338122,0.0003333451018353,0.0030051145094136,0.0041591978450613,Linux-5.4.0-94-generic-x86_64-with-glibc2.31,3.10.8,2,Intel(R) Xeon(R) Gold 5120 CPU @ 2.20GHz,1,1 x NVIDIA GeForce RTX 2080 Ti,770.0,machine,N
2022-12-23T13:02:28,"module:Conv2d,rep_no:2,macs:385403060224,batch_size:208,image_size:224,kernel_size:3,in_channels:64,out_channels:64,stride:1,padding:1,freeText:architecture=vgg16;layer_idx=2,forward_passes:3",d5edaee0-cc4c-4c24-861b-39e19a7b8c10,38.54673266410828,0.0012421381517465,0.0322242137244266,75.86266318735636,30.929,288.75,0.0008176927880425,0.0003328477477069,0.0029761642873287,0.0041267048230782,Linux-5.4.0-94-generic-x86_64-with-glibc2.31,3.10.8,2,Intel(R) Xeon(R) Gold 5120 CPU @ 2.20GHz,1,1 x NVIDIA GeForce RTX 2080 Ti,770.0,machine,N
2022-12-23T13:03:18,"module:Conv2d,rep_no:3,macs:385403060224,batch_size:208,image_size:224,kernel_size:3,in_channels:64,out_channels:64,stride:1,padding:1,freeText:architecture=vgg16;layer_idx=2,forward_passes:3",a69adefc-dd45-44ae-93e0-c0e87a403368,39.29794764518738,0.0013344122124248,0.0339562825130968,75.63856021136928,30.926,288.75,0.0008321153531917,0.0003360499107788,0.0032650979002316,0.0044332631642022,Linux-5.4.0-94-generic-x86_64-with-glibc2.31,3.10.8,2,Intel(R) Xeon(R) Gold 5120 CPU @ 2.20GHz,1,1 x NVIDIA GeForce RTX 2080 Ti,770.0,machine,N
2022-12-23T13:03:56,"module:Conv2d,rep_no:1,macs:181584134144,batch_size:196,image_size:112,kernel_size:3,in_channels:64,out_channels:128,stride:1,padding:1,freeText:architecture=vgg16;layer_idx=5,forward_passes:6",22c21b93-be1f-4d1f-b848-887cc85edb6e,32.55183291435242,0.0010467695498984,0.0321570079525982,76.20638285432499,31.355,288.75,0.0006891291040806,0.0002796582433834,0.0025088523531953,0.0034776397006593,Linux-5.4.0-94-generic-x86_64-with-glibc2.31,3.10.8,2,Intel(R) Xeon(R) Gold 5120 CPU @ 2.20GHz,1,1 x NVIDIA GeForce RTX 2080 Ti,770.0,machine,N
2022-12-23T13:04:34,"module:Conv2d,rep_no:2,macs:181584134144,batch_size:196,image_size:112,kernel_size:3,in_channels:64,out_channels:128,stride:1,padding:1,freeText:architecture=vgg16;layer_idx=5,forward_passes:6",5d42350a-3b5a-4cab-a683-5d7fde2c3321,32.35301995277405,0.0010407595909546,0.0321688544832551,76.01510348087432,31.144,288.75,0.0006836311177377,0.0002767333014818,0.0024973086404303,0.0034576730596499,Linux-5.4.0-94-generic-x86_64-with-glibc2.31,3.10.8,2,Intel(R) Xeon(R) Gold 5120 CPU @ 2.20GHz,1,1 x NVIDIA GeForce RTX 2080 Ti,770.0,machine,N
2022-12-23T13:05:12,"module:Conv2d,rep_no:3,macs:181584134144,batch_size:196,image_size:112,kernel_size:3,in_channels:64,out_channels:128,stride:1,padding:1,freeText:architecture=vgg16;layer_idx=5,forward_passes:6",d7963ecf-e6b8-4d32-86ed-e4bb4d37354a,32.313969373703,0.0010376894007156,0.0321127184566834,76.05797681946376,30.064,288.75,0.0006833269255499,0.0002748597477726,0.0024892864187558,0.0034474730920784,Linux-5.4.0-94-generic-x86_64-with-glibc2.31,3.10.8,2,Intel(R) Xeon(R) Gold 5120 CPU @ 2.20GHz,1,1 x NVIDIA GeForce RTX 2080 Ti,770.0,machine,N
2022-12-23T13:05:50,"module:Conv2d,rep_no:1,macs:283247935488,batch_size:153,image_size:112,kernel_size:3,in_channels:128,out_channels:128,stride:1,padding:1,freeText:architecture=vgg16;layer_idx=7,forward_passes:4",8097a4dd-a783-48eb-aaac-bc7400744cb0,30.79700446128845,0.0009898186996907,0.0321400966426749,75.63231811814043,30.768,288.75,0.0006497517148009,0.0002645079848057,0.0023741745186348,0.0032884342182415,Linux-5.4.0-94-generic-x86_64-with-glibc2.31,3.10.8,2,Intel(R) Xeon(R) Gold 5120 CPU @ 2.20GHz,1,1 x NVIDIA GeForce RTX 2080 Ti,770.0,machine,N
2022-12-23T13:06:26,"module:Conv2d,rep_no:2,macs:283247935488,batch_size:153,image_size:112,kernel_size:3,in_channels:128,out_channels:128,stride:1,padding:1,freeText:architecture=vgg16;layer_idx=7,forward_passes:4",1d8777da-d274-4890-a8c9-b4058f1d064e,30.35047149658203,0.0010475920672555,0.0345165005879237,75.20395774638537,31.181,288.75,0.0006419933805387,0.0002600396472927,0.002578339288632,0.0034803723164635,Linux-5.4.0-94-generic-x86_64-with-glibc2.31,3.10.8,2,Intel(R) Xeon(R) Gold 5120 CPU @ 2.20GHz,1,1 x NVIDIA GeForce RTX 2080 Ti,770.0,machine,N
2022-12-23T13:07:03,"module:Conv2d,rep_no:3,macs:283247935488,batch_size:153,image_size:112,kernel_size:3,in_channels:128,out_channels:128,stride:1,padding:1,freeText:architecture=vgg16;layer_idx=7,forward_passes:4",c28e2cf6-9761-4628-9a19-372a156958be,30.58063268661499,0.0009808449273753,0.03207405606767,74.99859156080055,30.610000000000003,288.75,0.0006472234736116,0.0002607837717194,0.0023506137758493,0.0032586210211804,Linux-5.4.0-94-generic-x86_64-with-glibc2.31,3.10.8,2,Intel(R) Xeon(R) Gold 5120 CPU @ 2.20GHz,1,1 x NVIDIA GeForce RTX 2080 Ti,770.0,machine,N
2022-12-23T13:07:41,"module:Conv2d,rep_no:1,macs:206419247104,batch_size:223,image_size:56,kernel_size:3,in_channels:128,out_channels:256,stride:1,padding:1,freeText:architecture=vgg16;layer_idx=10,forward_passes:6",874878f7-4a17-4177-87f8-06713710c3e7,32.06471490859985,0.0010310159053029,0.0321542202462053,76.52373585366351,31.283000000000005,288.75,0.0006800455120915,0.0002741933394753,0.0024710631594061,0.0034253020109731,Linux-5.4.0-94-generic-x86_64-with-glibc2.31,3.10.8,2,Intel(R) Xeon(R) Gold 5120 CPU @ 2.20GHz,1,1 x NVIDIA GeForce RTX 2080 Ti,770.0,machine,N
2022-12-23T13:08:18,"module:Conv2d,rep_no:2,macs:206419247104,batch_size:223,image_size:56,kernel_size:3,in_channels:128,out_channels:256,stride:1,padding:1,freeText:architecture=vgg16;layer_idx=10,forward_passes:6",504196e5-e869-4215-b35b-41251f42fc42,31.767602682113647,0.0010195748089454,0.0320947985640584,75.98032748967132,30.489,288.75,0.000672939676129,0.000270461574944,0.0024438904729982,0.0033872917240713,Linux-5.4.0-94-generic-x86_64-with-glibc2.31,3.10.8,2,Intel(R) Xeon(R) Gold 5120 CPU @ 2.20GHz,1,1 x NVIDIA GeForce RTX 2080 Ti,770.0,machine,N
2022-12-23T13:08:54,"module:Conv2d,rep_no:3,macs:206419247104,batch_size:223,image_size:56,kernel_size:3,in_channels:128,out_channels:256,stride:1,padding:1,freeText:architecture=vgg16;layer_idx=10,forward_passes:6",e2b9adc3-1fb7-46e5-aa3d-98fb21c78ee3,31.68689727783203,0.001015825819888,0.0320582293362854,76.08230596960814,30.551,288.75,0.0006674077303146,0.000268594187823,0.0024388346927861,0.0033748366109237,Linux-5.4.0-94-generic-x86_64-with-glibc2.31,3.10.8,2,Intel(R) Xeon(R) Gold 5120 CPU @ 2.20GHz,1,1 x NVIDIA GeForce RTX 2080 Ti,770.0,machine,N
2022-12-23T13:09:36,"module:Conv2d,rep_no:1,macs:362696212480,batch_size:196,image_size:56,kernel_size:3,in_channels:256,out_channels:256,stride:1,padding:1,freeText:architecture=vgg16;layer_idx=12,forward_passes:4",ee5e3ea0-998e-4f7d-aab8-aab82b3b1af7,35.69567131996155,0.0011470046619863,0.0321328782894997,76.2988161402732,30.586,288.75,0.0007537672552355,0.0003025008822733,0.0027543785800536,0.0038106467175624,Linux-5.4.0-94-generic-x86_64-with-glibc2.31,3.10.8,2,Intel(R) Xeon(R) Gold 5120 CPU @ 2.20GHz,1,1 x NVIDIA GeForce RTX 2080 Ti,770.0,machine,N
2022-12-23T13:10:17,"module:Conv2d,rep_no:2,macs:362696212480,batch_size:196,image_size:56,kernel_size:3,in_channels:256,out_channels:256,stride:1,padding:1,freeText:architecture=vgg16;layer_idx=12,forward_passes:4",6e6b79c1-67f5-4978-a827-668fc381f0e1,35.13343095779419,0.0011310703899532,0.0321935649072234,76.2373583950031,30.777,288.75,0.0007429777846595,0.0002996799751663,0.0027150511768956,0.0037577089367216,Linux-5.4.0-94-generic-x86_64-with-glibc2.31,3.10.8,2,Intel(R) Xeon(R) Gold 5120 CPU @ 2.20GHz,1,1 x NVIDIA GeForce RTX 2080 Ti,770.0,machine,N
2022-12-23T13:10:58,"module:Conv2d,rep_no:3,macs:362696212480,batch_size:196,image_size:56,kernel_size:3,in_channels:256,out_channels:256,stride:1,padding:1,freeText:architecture=vgg16;layer_idx=12,forward_passes:4",c18725ba-e52e-46e1-8d73-be336e68dfd7,34.98523449897766,0.0011236614187512,0.0321181617000203,76.13078888097877,30.414000000000005,288.75,0.0007397049153745,0.0002969717923734,0.0026964177067081,0.0037330944144561,Linux-5.4.0-94-generic-x86_64-with-glibc2.31,3.10.8,2,Intel(R) Xeon(R) Gold 5120 CPU @ 2.20GHz,1,1 x NVIDIA GeForce RTX 2080 Ti,770.0,machine,N
2022-12-23T13:11:34,"module:Conv2d,rep_no:1,macs:144338288640,batch_size:78,image_size:56,kernel_size:3,in_channels:256,out_channels:256,stride:1,padding:1,freeText:architecture=vgg16;layer_idx=14,forward_passes:9",5a8d6b6d-8baa-45d5-880f-cbbc9cade0ff,31.63966965675354,0.0010177055132079,0.0321654911144335,76.10752968609943,30.336,288.75,0.0006680719444571,0.0002675916361116,0.0024454178586602,0.0033810814392289,Linux-5.4.0-94-generic-x86_64-with-glibc2.31,3.10.8,2,Intel(R) Xeon(R) Gold 5120 CPU @ 2.20GHz,1,1 x NVIDIA GeForce RTX 2080 Ti,770.0,machine,N
2022-12-23T13:12:11,"module:Conv2d,rep_no:2,macs:144338288640,batch_size:78,image_size:56,kernel_size:3,in_channels:256,out_channels:256,stride:1,padding:1,freeText:architecture=vgg16;layer_idx=14,forward_passes:9",2cdd6d01-57b8-44b2-abf8-e84619b004b4,31.45822095870972,0.0010109754721981,0.0321370834518919,76.51870761585951,30.419,288.75,0.0006677473566974,0.0002670986975525,0.002423876444747,0.003358722498997,Linux-5.4.0-94-generic-x86_64-with-glibc2.31,3.10.8,2,Intel(R) Xeon(R) Gold 5120 CPU @ 2.20GHz,1,1 x NVIDIA GeForce RTX 2080 Ti,770.0,machine,N
2022-12-23T13:12:47,"module:Conv2d,rep_no:3,macs:144338288640,batch_size:78,image_size:56,kernel_size:3,in_channels:256,out_channels:256,stride:1,padding:1,freeText:architecture=vgg16;layer_idx=14,forward_passes:9",db33eaa1-b4f9-449d-8bca-13c48dd4c0a5,31.36631870269776,0.0010073617209029,0.0321160328201458,76.59212337970081,30.931,288.75,0.0006630451993246,0.0002677918054219,0.0024158796759943,0.0033467166807408,Linux-5.4.0-94-generic-x86_64-with-glibc2.31,3.10.8,2,Intel(R) Xeon(R) Gold 5120 CPU @ 2.20GHz,1,1 x NVIDIA GeForce RTX 2080 Ti,770.0,machine,N
2022-12-23T13:13:22,"module:Conv2d,rep_no:1,macs:5551472640,batch_size:6,image_size:28,kernel_size:3,in_channels:256,out_channels:512,stride:1,padding:1,freeText:architecture=vgg16;layer_idx=17,forward_passes:248",654a9ac2-8088-42ad-87a8-2ebf2efd0c81,30.08609437942505,0.0009674219944686,0.0321551206437168,75.86767374350838,30.617,288.75,0.0006337034983512,0.0002566399874769,0.0023236830738683,0.0032140265596965,Linux-5.4.0-94-generic-x86_64-with-glibc2.31,3.10.8,2,Intel(R) Xeon(R) Gold 5120 CPU @ 2.20GHz,1,1 x NVIDIA GeForce RTX 2080 Ti,770.0,machine,N
2022-12-23T13:13:56,"module:Conv2d,rep_no:2,macs:5551472640,batch_size:6,image_size:28,kernel_size:3,in_channels:256,out_channels:512,stride:1,padding:1,freeText:architecture=vgg16;layer_idx=17,forward_passes:251",f0db0800-1b46-47f3-a300-5b386e6087d1,30.07572603225708,0.0009671507689559,0.0321571877572854,75.58298091676303,30.316,288.75,0.0006332482277093,0.0002549789191857,0.0023248983313639,0.003213125478259,Linux-5.4.0-94-generic-x86_64-with-glibc2.31,3.10.8,2,Intel(R) Xeon(R) Gold 5120 CPU @ 2.20GHz,1,1 x NVIDIA GeForce RTX 2080 Ti,770.0,machine,N
2022-12-23T13:14:31,"module:Conv2d,rep_no:3,macs:5551472640,batch_size:6,image_size:28,kernel_size:3,in_channels:256,out_channels:512,stride:1,padding:1,freeText:architecture=vgg16;layer_idx=17,forward_passes:251",5bb0dd81-1277-410d-8d8a-807d0f343285,30.111815214157104,0.0009694453879415,0.0321948504614157,75.64912806129534,30.512,288.75,0.0006344242711501,0.0002569819156089,0.0023293426103889,0.003220748797148,Linux-5.4.0-94-generic-x86_64-with-glibc2.31,3.10.8,2,Intel(R) Xeon(R) Gold 5120 CPU @ 2.20GHz,1,1 x NVIDIA GeForce RTX 2080 Ti,770.0,machine,N
2022-12-23T13:15:07,"module:Conv2d,rep_no:1,macs:138756710400,batch_size:75,image_size:28,kernel_size:3,in_channels:512,out_channels:512,stride:1,padding:1,freeText:architecture=vgg16;layer_idx=19,forward_passes:10",7134235b-8194-455f-ac01-9c8c30d30ca6,30.93002724647522,0.0009952299693772,0.0321768216188889,76.3680469606748,30.984,288.75,0.0006545795194965,0.0002651969035269,0.0023866354353725,0.003306411858396,Linux-5.4.0-94-generic-x86_64-with-glibc2.31,3.10.8,2,Intel(R) Xeon(R) Gold 5120 CPU @ 2.20GHz,1,1 x NVIDIA GeForce RTX 2080 Ti,770.0,machine,N
2022-12-23T13:15:42,"module:Conv2d,rep_no:2,macs:138756710400,batch_size:75,image_size:28,kernel_size:3,in_channels:512,out_channels:512,stride:1,padding:1,freeText:architecture=vgg16;layer_idx=19,forward_passes:10",09a78ab3-8413-429f-a88a-5fb5b1633a00,30.81358814239502,0.0009890142100986,0.0320966907692881,75.9248535762301,31.009,288.75,0.0006484744379458,0.0002643672473319,0.0023729198100666,0.0032857614953443,Linux-5.4.0-94-generic-x86_64-with-glibc2.31,3.10.8,2,Intel(R) Xeon(R) Gold 5120 CPU @ 2.20GHz,1,1 x NVIDIA GeForce RTX 2080 Ti,770.0,machine,N
2022-12-23T13:16:18,"module:Conv2d,rep_no:3,macs:138756710400,batch_size:75,image_size:28,kernel_size:3,in_channels:512,out_channels:512,stride:1,padding:1,freeText:architecture=vgg16;layer_idx=19,forward_passes:10",bcefe8cc-74bb-489f-8ff6-0dd26c4c5c67,30.788875818252563,0.0009887774933759,0.0321147644107803,75.55564492630958,30.481,288.75,0.0006492972072151,0.0002656834660589,0.0023699943877756,0.0032849750610496,Linux-5.4.0-94-generic-x86_64-with-glibc2.31,3.10.8,2,Intel(R) Xeon(R) Gold 5120 CPU @ 2.20GHz,1,1 x NVIDIA GeForce RTX 2080 Ti,770.0,machine,N
2022-12-23T13:16:57,"module:Conv2d,rep_no:1,macs:377418252288,batch_size:204,image_size:28,kernel_size:3,in_channels:512,out_channels:512,stride:1,padding:1,freeText:architecture=vgg16;layer_idx=21,forward_passes:4",676a16d2-5e2d-4355-a4cf-0e4b58d35306,33.79675769805908,0.0010849441006514,0.0321020173101919,75.80520885005797,31.072,288.75,0.0007117050529747,0.0002921123019874,0.002600648095707,0.0036044654506692,Linux-5.4.0-94-generic-x86_64-with-glibc2.31,3.10.8,2,Intel(R) Xeon(R) Gold 5120 CPU @ 2.20GHz,1,1 x NVIDIA GeForce RTX 2080 Ti,770.0,machine,N
2022-12-23T13:17:36,"module:Conv2d,rep_no:2,macs:377418252288,batch_size:204,image_size:28,kernel_size:3,in_channels:512,out_channels:512,stride:1,padding:1,freeText:architecture=vgg16;layer_idx=21,forward_passes:4",ac0307a7-4817-448f-a98a-782fecdf6ce7,33.58229660987854,0.0010784412035511,0.0321133845037238,75.05673309768912,31.226,288.75,0.0007073914178571,0.0002878783073683,0.0025875914161403,0.0035828611413658,Linux-5.4.0-94-generic-x86_64-with-glibc2.31,3.10.8,2,Intel(R) Xeon(R) Gold 5120 CPU @ 2.20GHz,1,1 x NVIDIA GeForce RTX 2080 Ti,770.0,machine,N
2022-12-23T13:18:14,"module:Conv2d,rep_no:3,macs:377418252288,batch_size:204,image_size:28,kernel_size:3,in_channels:512,out_channels:512,stride:1,padding:1,freeText:architecture=vgg16;layer_idx=21,forward_passes:4",eadc7d47-b2d2-44c9-b587-42532cfb6d75,33.500089168548584,0.0010761557541523,0.0321239668568605,75.29248224528148,30.905,288.75,0.000703991206248,0.0002900148550596,0.0025812622249126,0.0035752682862203,Linux-5.4.0-94-generic-x86_64-with-glibc2.31,3.10.8,2,Intel(R) Xeon(R) Gold 5120 CPU @ 2.20GHz,1,1 x NVIDIA GeForce RTX 2080 Ti,770.0,machine,N
2022-12-23T13:18:50,"module:Conv2d,rep_no:1,macs:95742130176,batch_size:207,image_size:14,kernel_size:3,in_channels:512,out_channels:512,stride:1,padding:1,freeText:architecture=vgg16;layer_idx=24,forward_passes:15",1e333e7a-1d8f-41e1-8520-d8503bef3c68,30.908803462982178,0.0009939839286894,0.0321586026414726,76.22180692980461,30.563,288.75,0.0006523422968734,0.0002642695458594,0.002385660345604,0.0033022721883369,Linux-5.4.0-94-generic-x86_64-with-glibc2.31,3.10.8,2,Intel(R) Xeon(R) Gold 5120 CPU @ 2.20GHz,1,1 x NVIDIA GeForce RTX 2080 Ti,770.0,machine,N
2022-12-23T13:19:26,"module:Conv2d,rep_no:2,macs:95742130176,batch_size:207,image_size:14,kernel_size:3,in_channels:512,out_channels:512,stride:1,padding:1,freeText:architecture=vgg16;layer_idx=24,forward_passes:15",ec7c94ae-1fda-4655-9d1c-3cd581b7e053,30.85511040687561,0.0009908647531614,0.032113472941607,77.03517940601095,31.197,288.75,0.000652519756182,0.0002644933240764,0.0023748963986833,0.0032919094789418,Linux-5.4.0-94-generic-x86_64-with-glibc2.31,3.10.8,2,Intel(R) Xeon(R) Gold 5120 CPU @ 2.20GHz,1,1 x NVIDIA GeForce RTX 2080 Ti,770.0,machine,N
2022-12-23T13:20:01,"module:Conv2d,rep_no:3,macs:95742130176,batch_size:207,image_size:14,kernel_size:3,in_channels:512,out_channels:512,stride:1,padding:1,freeText:architecture=vgg16;layer_idx=24,forward_passes:15",138e45f7-fd5e-4ad6-b7c8-d0cb5e3d0bd8,30.8358416557312,0.0009881041258379,0.0320440134850113,76.15574518788242,30.636,288.75,0.0006504973595641,0.0002634342766212,0.002368806323409,0.0032827379595944,Linux-5.4.0-94-generic-x86_64-with-glibc2.31,3.10.8,2,Intel(R) Xeon(R) Gold 5120 CPU @ 2.20GHz,1,1 x NVIDIA GeForce RTX 2080 Ti,770.0,machine,N
2022-12-23T13:20:36,"module:Conv2d,rep_no:1,macs:34226655232,batch_size:74,image_size:14,kernel_size:3,in_channels:512,out_channels:512,stride:1,padding:1,freeText:architecture=vgg16;layer_idx=26,forward_passes:43",a8266aee-4599-4b50-b14d-e86b4332231c,30.3663489818573,0.0009730051200204,0.0320422162243413,75.70437802623341,30.479,288.75,0.000638622363953,0.0002595168371354,0.0023344359484811,0.0032325751495696,Linux-5.4.0-94-generic-x86_64-with-glibc2.31,3.10.8,2,Intel(R) Xeon(R) Gold 5120 CPU @ 2.20GHz,1,1 x NVIDIA GeForce RTX 2080 Ti,770.0,machine,N
2022-12-23T13:21:11,"module:Conv2d,rep_no:2,macs:34226655232,batch_size:74,image_size:14,kernel_size:3,in_channels:512,out_channels:512,stride:1,padding:1,freeText:architecture=vgg16;layer_idx=26,forward_passes:43",d39fd56f-715c-4d53-ae81-1a9474ab65ad,30.22787475585937,0.00104108510489,0.034441227287678,76.57891930072628,30.951000000000004,288.75,0.0006389356769814,0.0002571374044152,0.002562681419899,0.0034587545012957,Linux-5.4.0-94-generic-x86_64-with-glibc2.31,3.10.8,2,Intel(R) Xeon(R) Gold 5120 CPU @ 2.20GHz,1,1 x NVIDIA GeForce RTX 2080 Ti,770.0,machine,N
2022-12-23T13:21:46,"module:Conv2d,rep_no:3,macs:34226655232,batch_size:74,image_size:14,kernel_size:3,in_channels:512,out_channels:512,stride:1,padding:1,freeText:architecture=vgg16;layer_idx=26,forward_passes:43",39edaa38-8df0-45b3-b112-059ab375d0d6,30.19057035446167,0.0010413388542075,0.0344921888517304,74.72061601953176,30.58,288.75,0.0006361074655522,0.0002560321503268,0.0025674579064051,0.0034595975222842,Linux-5.4.0-94-generic-x86_64-with-glibc2.31,3.10.8,2,Intel(R) Xeon(R) Gold 5120 CPU @ 2.20GHz,1,1 x NVIDIA GeForce RTX 2080 Ti,770.0,machine,N
2022-12-23T13:22:23,"module:Conv2d,rep_no:1,macs:99904831488,batch_size:216,image_size:14,kernel_size:3,in_channels:512,out_channels:512,stride:1,padding:1,freeText:architecture=vgg16;layer_idx=28,forward_passes:15",e5214f3c-d7f5-4501-b7ef-0ddc369a79f1,32.12686586380005,0.0010335190081141,0.032169929444586,76.64492995524921,30.526,288.75,0.0006806230731091,0.0002731552574136,0.0024798396366337,0.0034336179671565,Linux-5.4.0-94-generic-x86_64-with-glibc2.31,3.10.8,2,Intel(R) Xeon(R) Gold 5120 CPU @ 2.20GHz,1,1 x NVIDIA GeForce RTX 2080 Ti,770.0,machine,N
2022-12-23T13:22:57,"module:Conv2d,rep_no:2,macs:99904831488,batch_size:216,image_size:14,kernel_size:3,in_channels:512,out_channels:512,stride:1,padding:1,freeText:architecture=vgg16;layer_idx=28,forward_passes:14",05ba703a-7f9d-4a46-9b8f-52046bf576f6,30.106783628463745,0.0009700851709142,0.0322214814735999,76.08892321225336,30.667,288.75,0.0006351622867405,0.0002576772430587,0.0023300347921748,0.0032228743219741,Linux-5.4.0-94-generic-x86_64-with-glibc2.31,3.10.8,2,Intel(R) Xeon(R) Gold 5120 CPU @ 2.20GHz,1,1 x NVIDIA GeForce RTX 2080 Ti,770.0,machine,N
2022-12-23T13:23:32,"module:Conv2d,rep_no:3,macs:99904831488,batch_size:216,image_size:14,kernel_size:3,in_channels:512,out_channels:512,stride:1,padding:1,freeText:architecture=vgg16;layer_idx=28,forward_passes:14",6668911f-4d1b-45de-995e-c0d788bba684,30.08009624481201,0.0009689715739442,0.0322130476597576,75.83812112452863,30.68,288.75,0.0006332122171249,0.0002574482901543,0.0023285141569872,0.0032191746642665,Linux-5.4.0-94-generic-x86_64-with-glibc2.31,3.10.8,2,Intel(R) Xeon(R) Gold 5120 CPU @ 2.20GHz,1,1 x NVIDIA GeForce RTX 2080 Ti,770.0,machine,N
